0,n,neutron,1,1.00866491597
1,H,hydrogen,1,1.0078250321
1,H,hydrogen,2,2.014101778
1,H,hydrogen,3,3.0160492675
1,H,hydrogen,4,4.02783
1,H,hydrogen,5,5.03954
1,H,hydrogen,6,6.04494
2,He,helium,3,3.0160293097
2,He,helium,4,4.0026032497
2,He,helium,5,5.01222
2,He,helium,6,6.0188881
2,He,helium,7,7.02803
2,He,helium,8,8.033922
2,He,helium,9,9.04382
2,He,helium,10,10.0524
3,Li,lithium,4,4.02718
3,Li,lithium,5,5.01254
3,Li,lithium,6,6.0151223
3,Li,lithium,7,7.016004
3,Li,lithium,8,8.0224867
3,Li,lithium,9,9.0267891
3,Li,lithium,10,10.035481
3,Li,lithium,11,11.043796
3,Li,lithium,12,12.05378
4,Be,beryllium,5,5.04079
4,Be,beryllium,6,6.019726
4,Be,beryllium,7,7.0169292
4,Be,beryllium,8,8.00530509
4,Be,beryllium,9,9.0121821
4,Be,beryllium,10,10.0135337
4,Be,beryllium,11,11.021658
4,Be,beryllium,12,12.026921
4,Be,beryllium,13,13.03613
4,Be,beryllium,14,14.04282
5,B,boron,7,7.02992
5,B,boron,8,8.0246067
5,B,boron,9,9.0133288
5,B,boron,10,10.012937
5,B,boron,11,11.0093055
5,B,boron,12,12.0143521
5,B,boron,13,13.0177803
5,B,boron,14,14.025404
5,B,boron,15,15.031097
5,B,boron,16,16.03981
5,B,boron,17,17.04693
5,B,boron,18,18.05617
5,B,boron,19,19.06373
6,C,carbon,8,8.037675
6,C,carbon,9,9.0310401
6,C,carbon,10,10.0168531
6,C,carbon,11,11.0114338
6,C,carbon,12,12.0
6,C,carbon,13,13.0033548378
6,C,carbon,14,14.003241988
6,C,carbon,15,15.0105993
6,C,carbon,16,16.014701
6,C,carbon,17,17.022584
6,C,carbon,18,18.02676
6,C,carbon,19,19.03525
6,C,carbon,20,20.04032
6,C,carbon,21,21.04934
6,C,carbon,22,22.05645
7,N,nitrogen,10,10.04262
7,N,nitrogen,11,11.0268
7,N,nitrogen,12,12.0186132
7,N,nitrogen,13,13.00573858
7,N,nitrogen,14,14.0030740052
7,N,nitrogen,15,15.0001088984
7,N,nitrogen,16,16.0061014
7,N,nitrogen,17,17.00845
7,N,nitrogen,18,18.014082
7,N,nitrogen,19,19.017027
7,N,nitrogen,20,20.02337
7,N,nitrogen,21,21.02709
7,N,nitrogen,22,22.03444
7,N,nitrogen,23,23.04051
7,N,nitrogen,24,24.0505
8,O,oxygen,12,12.034405
8,O,oxygen,13,13.02481
8,O,oxygen,14,14.00859529
8,O,oxygen,15,15.0030654
8,O,oxygen,16,15.9949146221
8,O,oxygen,17,16.9991315
8,O,oxygen,18,17.9991604
8,O,oxygen,19,19.003579
8,O,oxygen,20,20.0040762
8,O,oxygen,21,21.008655
8,O,oxygen,22,22.00997
8,O,oxygen,23,23.01569
8,O,oxygen,24,24.02037
8,O,oxygen,25,25.02914
8,O,oxygen,26,26.03775
9,F,fluorine,14,14.03608
9,F,fluorine,15,15.01801
9,F,fluorine,16,16.011466
9,F,fluorine,17,17.00209524
9,F,fluorine,18,18.0009377
9,F,fluorine,19,18.9984032
9,F,fluorine,20,19.99998132
9,F,fluorine,21,20.9999489
9,F,fluorine,22,22.002999
9,F,fluorine,23,23.00357
9,F,fluorine,24,24.0081
9,F,fluorine,25,25.01209
9,F,fluorine,26,26.01963
9,F,fluorine,27,27.02689
9,F,fluorine,28,28.03567
9,F,fluorine,29,29.04326
10,Ne,neon,16,16.025757
10,Ne,neon,17,17.0177
10,Ne,neon,18,18.0056971
10,Ne,neon,19,19.0018798
10,Ne,neon,20,19.9924401759
10,Ne,neon,21,20.99384674
10,Ne,neon,22,21.99138551
10,Ne,neon,23,22.99446734
10,Ne,neon,24,23.993615
10,Ne,neon,25,24.99779
10,Ne,neon,26,26.00046
10,Ne,neon,27,27.00762
10,Ne,neon,28,28.01211
10,Ne,neon,29,29.01935
10,Ne,neon,30,30.02387
10,Ne,neon,31,31.03311
10,Ne,neon,32,32.03991
11,Na,sodium,18,18.02718
11,Na,sodium,19,19.013879
11,Na,sodium,20,20.007348
11,Na,sodium,21,20.9976551
11,Na,sodium,22,21.9944368
11,Na,sodium,23,22.98976967
11,Na,sodium,24,23.99096333
11,Na,sodium,25,24.9899544
11,Na,sodium,26,25.99259
11,Na,sodium,27,26.99401
11,Na,sodium,28,27.99889
11,Na,sodium,29,29.00281
11,Na,sodium,30,30.00923
11,Na,sodium,31,31.0136
11,Na,sodium,32,32.01965
11,Na,sodium,33,33.02739
11,Na,sodium,34,34.0349
11,Na,sodium,35,35.04418
12,Mg,magnesium,20,20.018863
12,Mg,magnesium,21,21.011714
12,Mg,magnesium,22,21.9995741
12,Mg,magnesium,23,22.9941249
12,Mg,magnesium,24,23.9850419
12,Mg,magnesium,25,24.98583702
12,Mg,magnesium,26,25.98259304
12,Mg,magnesium,27,26.98434074
12,Mg,magnesium,28,27.9838767
12,Mg,magnesium,29,28.98855
12,Mg,magnesium,30,29.99046
12,Mg,magnesium,31,30.99655
12,Mg,magnesium,32,31.99915
12,Mg,magnesium,33,33.00559
12,Mg,magnesium,34,34.00907
12,Mg,magnesium,35,35.01749
12,Mg,magnesium,36,36.02245
12,Mg,magnesium,37,37.03124
13,Al,aluminum,21,21.02804
13,Al,aluminum,22,22.01952
13,Al,aluminum,23,23.007265
13,Al,aluminum,24,23.999941
13,Al,aluminum,25,24.9904286
13,Al,aluminum,26,25.98689166
13,Al,aluminum,27,26.98153844
13,Al,aluminum,28,27.98191018
13,Al,aluminum,29,28.9804448
13,Al,aluminum,30,29.98296
13,Al,aluminum,31,30.983946
13,Al,aluminum,32,31.98812
13,Al,aluminum,33,32.99087
13,Al,aluminum,34,33.99693
13,Al,aluminum,35,34.99994
13,Al,aluminum,36,36.00635
13,Al,aluminum,37,37.01031
13,Al,aluminum,38,38.0169
13,Al,aluminum,39,39.0219
14,Si,silicon,22,22.03453
14,Si,silicon,23,23.02552
14,Si,silicon,24,24.011546
14,Si,silicon,25,25.004107
14,Si,silicon,26,25.99233
14,Si,silicon,27,26.98670476
14,Si,silicon,28,27.9769265327
14,Si,silicon,29,28.97649472
14,Si,silicon,30,29.97377022
14,Si,silicon,31,30.97536327
14,Si,silicon,32,31.9741481
14,Si,silicon,33,32.978001
14,Si,silicon,34,33.978576
14,Si,silicon,35,34.98458
14,Si,silicon,36,35.98669
14,Si,silicon,37,36.993
14,Si,silicon,38,37.99598
14,Si,silicon,39,39.0023
14,Si,silicon,40,40.0058
14,Si,silicon,41,41.0127
14,Si,silicon,42,42.0161
15,P,phosphorus,24,24.03435
15,P,phosphorus,25,25.02026
15,P,phosphorus,26,26.01178
15,P,phosphorus,27,26.99919
15,P,phosphorus,28,27.992312
15,P,phosphorus,29,28.9818014
15,P,phosphorus,30,29.9783138
15,P,phosphorus,31,30.97376151
15,P,phosphorus,32,31.97390716
15,P,phosphorus,33,32.9717253
15,P,phosphorus,34,33.973636
15,P,phosphorus,35,34.9733142
15,P,phosphorus,36,35.97826
15,P,phosphorus,37,36.97961
15,P,phosphorus,38,37.98447
15,P,phosphorus,39,38.98642
15,P,phosphorus,40,39.99105
15,P,phosphorus,41,40.9948
15,P,phosphorus,42,42.00009
15,P,phosphorus,43,43.00331
15,P,phosphorus,44,44.00988
15,P,phosphorus,45,45.01514
15,P,phosphorus,46,46.02383
16,S,sulfur,26,26.02788
16,S,sulfur,27,27.0188
16,S,sulfur,28,28.00437
16,S,sulfur,29,28.99661
16,S,sulfur,30,29.984903
16,S,sulfur,31,30.9795544
16,S,sulfur,32,31.97207069
16,S,sulfur,33,32.9714585
16,S,sulfur,34,33.96786683
16,S,sulfur,35,34.96903214
16,S,sulfur,36,35.96708088
16,S,sulfur,37,36.97112572
16,S,sulfur,38,37.971163
16,S,sulfur,39,38.97514
16,S,sulfur,40,39.97547
16,S,sulfur,41,40.98003
16,S,sulfur,42,41.98149
16,S,sulfur,43,42.9866
16,S,sulfur,44,43.98832
16,S,sulfur,45,44.99482
16,S,sulfur,46,45.99957
16,S,sulfur,47,47.00762
16,S,sulfur,48,48.01299
16,S,sulfur,49,49.02201
17,Cl,chlorine,28,28.02851
17,Cl,chlorine,29,29.01411
17,Cl,chlorine,30,30.00477
17,Cl,chlorine,31,30.99242
17,Cl,chlorine,32,31.985689
17,Cl,chlorine,33,32.9774518
17,Cl,chlorine,34,33.97376197
17,Cl,chlorine,35,34.96885271
17,Cl,chlorine,36,35.96830695
17,Cl,chlorine,37,36.9659026
17,Cl,chlorine,38,37.96801055
17,Cl,chlorine,39,38.9680077
17,Cl,chlorine,40,39.97042
17,Cl,chlorine,41,40.97065
17,Cl,chlorine,42,41.97317
17,Cl,chlorine,43,42.9742
17,Cl,chlorine,44,43.97854
17,Cl,chlorine,45,44.9797
17,Cl,chlorine,46,45.98412
17,Cl,chlorine,47,46.98795
17,Cl,chlorine,48,47.99485
17,Cl,chlorine,49,48.99989
17,Cl,chlorine,50,50.00773
17,Cl,chlorine,51,51.01353
18,Ar,argon,30,30.02156
18,Ar,argon,31,31.01213
18,Ar,argon,32,31.99766
18,Ar,argon,33,32.98993
18,Ar,argon,34,33.98027
18,Ar,argon,35,34.9752567
18,Ar,argon,36,35.96754628
18,Ar,argon,37,36.9667759
18,Ar,argon,38,37.9627322
18,Ar,argon,39,38.964313
18,Ar,argon,40,39.962383123
18,Ar,argon,41,40.9645008
18,Ar,argon,42,41.96305
18,Ar,argon,43,42.96567
18,Ar,argon,44,43.965365
18,Ar,argon,45,44.96809
18,Ar,argon,46,45.96809
18,Ar,argon,47,46.97219
18,Ar,argon,48,47.97507
18,Ar,argon,49,48.98218
18,Ar,argon,50,49.98594
18,Ar,argon,51,50.99324
18,Ar,argon,52,51.99817
18,Ar,argon,53,53.00623
19,K,potassium,32,32.02192
19,K,potassium,33,33.00726
19,K,potassium,34,33.99841
19,K,potassium,35,34.988012
19,K,potassium,36,35.981293
19,K,potassium,37,36.97337691
19,K,potassium,38,37.9690801
19,K,potassium,39,38.9637069
19,K,potassium,40,39.96399867
19,K,potassium,41,40.96182597
19,K,potassium,42,41.9624031
19,K,potassium,43,42.960716
19,K,potassium,44,43.96156
19,K,potassium,45,44.9607
19,K,potassium,46,45.961976
19,K,potassium,47,46.961678
19,K,potassium,48,47.965513
19,K,potassium,49,48.96745
19,K,potassium,50,49.97278
19,K,potassium,51,50.97638
19,K,potassium,52,51.98261
19,K,potassium,53,52.98712
19,K,potassium,54,53.99399
19,K,potassium,55,54.99939
20,Ca,calcium,34,34.01412
20,Ca,calcium,35,35.00477
20,Ca,calcium,36,35.99309
20,Ca,calcium,37,36.985872
20,Ca,calcium,38,37.976319
20,Ca,calcium,39,38.9707177
20,Ca,calcium,40,39.9625912
20,Ca,calcium,41,40.9622783
20,Ca,calcium,42,41.9586183
20,Ca,calcium,43,42.9587668
20,Ca,calcium,44,43.9554811
20,Ca,calcium,45,44.9561859
20,Ca,calcium,46,45.9536928
20,Ca,calcium,47,46.9545465
20,Ca,calcium,48,47.952534
20,Ca,calcium,49,48.955673
20,Ca,calcium,50,49.957518
20,Ca,calcium,51,50.96147
20,Ca,calcium,52,51.9651
20,Ca,calcium,53,52.97005
20,Ca,calcium,54,53.97468
20,Ca,calcium,55,54.98055
20,Ca,calcium,56,55.98579
20,Ca,calcium,57,56.99236
21,Sc,scandium,36,36.01492
21,Sc,scandium,37,37.00305
21,Sc,scandium,38,37.9947
21,Sc,scandium,39,38.98479
21,Sc,scandium,40,39.977964
21,Sc,scandium,41,40.9692513
21,Sc,scandium,42,41.9655168
21,Sc,scandium,43,42.961151
21,Sc,scandium,44,43.959403
21,Sc,scandium,45,44.9559102
21,Sc,scandium,46,45.9551703
21,Sc,scandium,47,46.952408
21,Sc,scandium,48,47.952235
21,Sc,scandium,49,48.950024
21,Sc,scandium,50,49.952187
21,Sc,scandium,51,50.953603
21,Sc,scandium,52,51.95665
21,Sc,scandium,53,52.95924
21,Sc,scandium,54,53.963
21,Sc,scandium,55,54.96743
21,Sc,scandium,56,55.97266
21,Sc,scandium,57,56.97704
21,Sc,scandium,58,57.98307
21,Sc,scandium,59,58.98804
22,Ti,titanium,38,38.00977
22,Ti,titanium,39,39.00132
22,Ti,titanium,40,39.9905
22,Ti,titanium,41,40.98313
22,Ti,titanium,42,41.973032
22,Ti,titanium,43,42.968523
22,Ti,titanium,44,43.9596902
22,Ti,titanium,45,44.9581243
22,Ti,titanium,46,45.9526295
22,Ti,titanium,47,46.9517638
22,Ti,titanium,48,47.9479471
22,Ti,titanium,49,48.9478708
22,Ti,titanium,50,49.9447921
22,Ti,titanium,51,50.946616
22,Ti,titanium,52,51.946898
22,Ti,titanium,53,52.94973
22,Ti,titanium,54,53.95087
22,Ti,titanium,55,54.95512
22,Ti,titanium,56,55.95799
22,Ti,titanium,57,56.9629
22,Ti,titanium,58,57.96611
22,Ti,titanium,59,58.97196
22,Ti,titanium,60,59.97564
22,Ti,titanium,61,60.98202
23,V,vanadium,40,40.01109
23,V,vanadium,41,40.99974
23,V,vanadium,42,41.99123
23,V,vanadium,43,42.98065
23,V,vanadium,44,43.9744
23,V,vanadium,45,44.965782
23,V,vanadium,46,45.9601995
23,V,vanadium,47,46.9549069
23,V,vanadium,48,47.9522545
23,V,vanadium,49,48.9485169
23,V,vanadium,50,49.9471628
23,V,vanadium,51,50.9439637
23,V,vanadium,52,51.9447797
23,V,vanadium,53,52.944343
23,V,vanadium,54,53.946444
23,V,vanadium,55,54.94724
23,V,vanadium,56,55.95036
23,V,vanadium,57,56.95236
23,V,vanadium,58,57.95665
23,V,vanadium,59,58.9593
23,V,vanadium,60,59.9645
23,V,vanadium,61,60.96741
23,V,vanadium,62,61.97314
23,V,vanadium,63,62.97675
24,Cr,chromium,42,42.00643
24,Cr,chromium,43,42.99771
24,Cr,chromium,44,43.98547
24,Cr,chromium,45,44.97916
24,Cr,chromium,46,45.968362
24,Cr,chromium,47,46.962907
24,Cr,chromium,48,47.954036
24,Cr,chromium,49,48.9513411
24,Cr,chromium,50,49.9460496
24,Cr,chromium,51,50.9447718
24,Cr,chromium,52,51.9405119
24,Cr,chromium,53,52.9406538
24,Cr,chromium,54,53.9388849
24,Cr,chromium,55,54.9408442
24,Cr,chromium,56,55.940645
24,Cr,chromium,57,56.94375
24,Cr,chromium,58,57.94425
24,Cr,chromium,59,58.94863
24,Cr,chromium,60,59.94973
24,Cr,chromium,61,60.95409
24,Cr,chromium,62,61.9558
24,Cr,chromium,63,62.96186
24,Cr,chromium,64,63.9642
24,Cr,chromium,65,64.97037
25,Mn,manganese,44,44.00687
25,Mn,manganese,45,44.99451
25,Mn,manganese,46,45.98672
25,Mn,manganese,47,46.9761
25,Mn,manganese,48,47.96887
25,Mn,manganese,49,48.959623
25,Mn,manganese,50,49.954244
25,Mn,manganese,51,50.9482155
25,Mn,manganese,52,51.9455701
25,Mn,manganese,53,52.9412947
25,Mn,manganese,54,53.9403632
25,Mn,manganese,55,54.9380496
25,Mn,manganese,56,55.9389094
25,Mn,manganese,57,56.938287
25,Mn,manganese,58,57.93999
25,Mn,manganese,59,58.94045
25,Mn,manganese,60,59.94319
25,Mn,manganese,61,60.94446
25,Mn,manganese,62,61.94797
25,Mn,manganese,63,62.94981
25,Mn,manganese,64,63.95373
25,Mn,manganese,65,64.9561
25,Mn,manganese,66,65.96082
25,Mn,manganese,67,66.96382
26,Fe,iron,45,45.01456
26,Fe,iron,46,46.00081
26,Fe,iron,47,46.99289
26,Fe,iron,48,47.98056
26,Fe,iron,49,48.97361
26,Fe,iron,50,49.96299
26,Fe,iron,51,50.956825
26,Fe,iron,52,51.948117
26,Fe,iron,53,52.9453123
26,Fe,iron,54,53.9396148
26,Fe,iron,55,54.938298
26,Fe,iron,56,55.9349421
26,Fe,iron,57,56.9353987
26,Fe,iron,58,57.9332805
26,Fe,iron,59,58.9348805
26,Fe,iron,60,59.934077
26,Fe,iron,61,60.936749
26,Fe,iron,62,61.93677
26,Fe,iron,63,62.94012
26,Fe,iron,64,63.94087
26,Fe,iron,65,64.94494
26,Fe,iron,66,65.94598
26,Fe,iron,67,66.95
26,Fe,iron,68,67.95251
26,Fe,iron,69,68.9577
27,Co,cobalt,48,48.00176
27,Co,cobalt,49,48.98972
27,Co,cobalt,50,49.98154
27,Co,cobalt,51,50.97072
27,Co,cobalt,52,51.96359
27,Co,cobalt,53,52.954225
27,Co,cobalt,54,53.9484641
27,Co,cobalt,55,54.9420031
27,Co,cobalt,56,55.9398439
27,Co,cobalt,57,56.9362962
27,Co,cobalt,58,57.9357576
27,Co,cobalt,59,58.9332002
27,Co,cobalt,60,59.9338222
27,Co,cobalt,61,60.9324794
27,Co,cobalt,62,61.934054
27,Co,cobalt,63,62.933615
27,Co,cobalt,64,63.935814
27,Co,cobalt,65,64.936485
27,Co,cobalt,66,65.93983
27,Co,cobalt,67,66.94061
27,Co,cobalt,68,67.94436
27,Co,cobalt,69,68.9452
27,Co,cobalt,70,69.94981
27,Co,cobalt,71,70.95173
27,Co,cobalt,72,71.95641
28,Ni,nickel,50,49.99593
28,Ni,nickel,51,50.98772
28,Ni,nickel,52,51.97568
28,Ni,nickel,53,52.96846
28,Ni,nickel,54,53.95791
28,Ni,nickel,55,54.951336
28,Ni,nickel,56,55.942136
28,Ni,nickel,57,56.9398
28,Ni,nickel,58,57.9353479
28,Ni,nickel,59,58.9343516
28,Ni,nickel,60,59.9307906
28,Ni,nickel,61,60.9310604
28,Ni,nickel,62,61.9283488
28,Ni,nickel,63,62.9296729
28,Ni,nickel,64,63.9279696
28,Ni,nickel,65,64.930088
28,Ni,nickel,66,65.929115
28,Ni,nickel,67,66.93157
28,Ni,nickel,68,67.931845
28,Ni,nickel,69,68.93518
28,Ni,nickel,70,69.93614
28,Ni,nickel,71,70.94
28,Ni,nickel,72,71.9413
28,Ni,nickel,73,72.94608
28,Ni,nickel,74,73.94791
28,Ni,nickel,75,74.95297
28,Ni,nickel,76,75.95533
28,Ni,nickel,77,76.96083
28,Ni,nickel,78,77.9638
29,Cu,copper,52,51.99718
29,Cu,copper,53,52.98555
29,Cu,copper,54,53.97671
29,Cu,copper,55,54.96605
29,Cu,copper,56,55.95856
29,Cu,copper,57,56.949216
29,Cu,copper,58,57.9445407
29,Cu,copper,59,58.9395041
29,Cu,copper,60,59.9373681
29,Cu,copper,61,60.9334622
29,Cu,copper,62,61.932587
29,Cu,copper,63,62.9296011
29,Cu,copper,64,63.9297679
29,Cu,copper,65,64.9277937
29,Cu,copper,66,65.928873
29,Cu,copper,67,66.92775
29,Cu,copper,68,67.92964
29,Cu,copper,69,68.929425
29,Cu,copper,70,69.932409
29,Cu,copper,71,70.93262
29,Cu,copper,72,71.93552
29,Cu,copper,73,72.93649
29,Cu,copper,74,73.9402
29,Cu,copper,75,74.9417
29,Cu,copper,76,75.94599
29,Cu,copper,77,76.94795
29,Cu,copper,78,77.95281
29,Cu,copper,79,78.95528
29,Cu,copper,80,79.96189
30,Zn,zinc,54,53.99295
30,Zn,zinc,55,54.98398
30,Zn,zinc,56,55.97238
30,Zn,zinc,57,56.96491
30,Zn,zinc,58,57.9546
30,Zn,zinc,59,58.94927
30,Zn,zinc,60,59.941832
30,Zn,zinc,61,60.939514
30,Zn,zinc,62,61.934334
30,Zn,zinc,63,62.9332156
30,Zn,zinc,64,63.9291466
30,Zn,zinc,65,64.9292451
30,Zn,zinc,66,65.9260368
30,Zn,zinc,67,66.9271309
30,Zn,zinc,68,67.9248476
30,Zn,zinc,69,68.9265535
30,Zn,zinc,70,69.925325
30,Zn,zinc,71,70.927727
30,Zn,zinc,72,71.926861
30,Zn,zinc,73,72.92978
30,Zn,zinc,74,73.92946
30,Zn,zinc,75,74.93294
30,Zn,zinc,76,75.93339
30,Zn,zinc,77,76.93709
30,Zn,zinc,78,77.93857
30,Zn,zinc,79,78.94268
30,Zn,zinc,80,79.94441
30,Zn,zinc,81,80.95048
30,Zn,zinc,82,81.95484
31,Ga,gallium,56,55.99491
31,Ga,gallium,57,56.98293
31,Ga,gallium,58,57.97425
31,Ga,gallium,59,58.96337
31,Ga,gallium,60,59.95706
31,Ga,gallium,61,60.94917
31,Ga,gallium,62,61.94418
31,Ga,gallium,63,62.93914
31,Ga,gallium,64,63.936838
31,Ga,gallium,65,64.9327393
31,Ga,gallium,66,65.931592
31,Ga,gallium,67,66.9282049
31,Ga,gallium,68,67.9279835
31,Ga,gallium,69,68.925581
31,Ga,gallium,70,69.926028
31,Ga,gallium,71,70.924705
31,Ga,gallium,72,71.9263694
31,Ga,gallium,73,72.92517
31,Ga,gallium,74,73.92694
31,Ga,gallium,75,74.926501
31,Ga,gallium,76,75.92893
31,Ga,gallium,77,76.92928
31,Ga,gallium,78,77.93166
31,Ga,gallium,79,78.93292
31,Ga,gallium,80,79.93659
31,Ga,gallium,81,80.93775
31,Ga,gallium,82,81.94316
31,Ga,gallium,83,82.94687
31,Ga,gallium,84,83.95234
32,Ge,germanium,58,57.99101
32,Ge,germanium,59,58.98175
32,Ge,germanium,60,59.97019
32,Ge,germanium,61,60.96379
32,Ge,germanium,62,61.95465
32,Ge,germanium,63,62.94964
32,Ge,germanium,64,63.94157
32,Ge,germanium,65,64.93944
32,Ge,germanium,66,65.93385
32,Ge,germanium,67,66.932738
32,Ge,germanium,68,67.928097
32,Ge,germanium,69,68.927972
32,Ge,germanium,70,69.9242504
32,Ge,germanium,71,70.924954
32,Ge,germanium,72,71.9220762
32,Ge,germanium,73,72.9234594
32,Ge,germanium,74,73.9211782
32,Ge,germanium,75,74.9228595
32,Ge,germanium,76,75.9214027
32,Ge,germanium,77,76.9235485
32,Ge,germanium,78,77.922853
32,Ge,germanium,79,78.9254
32,Ge,germanium,80,79.925445
32,Ge,germanium,81,80.92882
32,Ge,germanium,82,81.92955
32,Ge,germanium,83,82.93451
32,Ge,germanium,84,83.93731
32,Ge,germanium,85,84.94269
32,Ge,germanium,86,85.94627
33,As,arsenic,60,59.99313
33,As,arsenic,61,60.98062
33,As,arsenic,62,61.9732
33,As,arsenic,63,62.96369
33,As,arsenic,64,63.95757
33,As,arsenic,65,64.94948
33,As,arsenic,66,65.94437
33,As,arsenic,67,66.93919
33,As,arsenic,68,67.93679
33,As,arsenic,69,68.93228
33,As,arsenic,70,69.93093
33,As,arsenic,71,70.927115
33,As,arsenic,72,71.926753
33,As,arsenic,73,72.923825
33,As,arsenic,74,73.9239291
33,As,arsenic,75,74.9215964
33,As,arsenic,76,75.9223939
33,As,arsenic,77,76.9206477
33,As,arsenic,78,77.921829
33,As,arsenic,79,78.920948
33,As,arsenic,80,79.922578
33,As,arsenic,81,80.922133
33,As,arsenic,82,81.9245
33,As,arsenic,83,82.92498
33,As,arsenic,84,83.92906
33,As,arsenic,85,84.93181
33,As,arsenic,86,85.93623
33,As,arsenic,87,86.93958
33,As,arsenic,88,87.94456
33,As,arsenic,89,88.94923
34,Se,selenium,65,64.96466
34,Se,selenium,66,65.95521
34,Se,selenium,67,66.95009
34,Se,selenium,68,67.94187
34,Se,selenium,69,68.93956
34,Se,selenium,70,69.9335
34,Se,selenium,71,70.93227
34,Se,selenium,72,71.927112
34,Se,selenium,73,72.926767
34,Se,selenium,74,73.9224766
34,Se,selenium,75,74.9225236
34,Se,selenium,76,75.9192141
34,Se,selenium,77,76.9199146
34,Se,selenium,78,77.9173095
34,Se,selenium,79,78.9184998
34,Se,selenium,80,79.9165218
34,Se,selenium,81,80.9179929
34,Se,selenium,82,81.9167
34,Se,selenium,83,82.919119
34,Se,selenium,84,83.918465
34,Se,selenium,85,84.92224
34,Se,selenium,86,85.924271
34,Se,selenium,87,86.92852
34,Se,selenium,88,87.93142
34,Se,selenium,89,88.93602
34,Se,selenium,90,89.93942
34,Se,selenium,91,90.94537
34,Se,selenium,92,91.94933
35,Br,bromine,67,66.96479
35,Br,bromine,68,67.95825
35,Br,bromine,69,68.95018
35,Br,bromine,70,69.94462
35,Br,bromine,71,70.93925
35,Br,bromine,72,71.9365
35,Br,bromine,73,72.93179
35,Br,bromine,74,73.929891
35,Br,bromine,75,74.925776
35,Br,bromine,76,75.924542
35,Br,bromine,77,76.92138
35,Br,bromine,78,77.921146
35,Br,bromine,79,78.9183376
35,Br,bromine,80,79.91853
35,Br,bromine,81,80.916291
35,Br,bromine,82,81.916805
35,Br,bromine,83,82.91518
35,Br,bromine,84,83.916504
35,Br,bromine,85,84.915608
35,Br,bromine,86,85.918797
35,Br,bromine,87,86.920711
35,Br,bromine,88,87.92407
35,Br,bromine,89,88.92639
35,Br,bromine,90,89.93063
35,Br,bromine,91,90.93397
35,Br,bromine,92,91.93926
35,Br,bromine,93,92.9431
35,Br,bromine,94,93.94868
36,Kr,krypton,69,68.96532
36,Kr,krypton,70,69.95601
36,Kr,krypton,71,70.95051
36,Kr,krypton,72,71.94191
36,Kr,krypton,73,72.93893
36,Kr,krypton,74,73.93326
36,Kr,krypton,75,74.931034
36,Kr,krypton,76,75.925948
36,Kr,krypton,77,76.924668
36,Kr,krypton,78,77.920386
36,Kr,krypton,79,78.920083
36,Kr,krypton,80,79.916378
36,Kr,krypton,81,80.916592
36,Kr,krypton,82,81.9134846
36,Kr,krypton,83,82.914136
36,Kr,krypton,84,83.911507
36,Kr,krypton,85,84.912527
36,Kr,krypton,86,85.9106103
36,Kr,krypton,87,86.9133543
36,Kr,krypton,88,87.914447
36,Kr,krypton,89,88.91763
36,Kr,krypton,90,89.919524
36,Kr,krypton,91,90.92344
36,Kr,krypton,92,91.926153
36,Kr,krypton,93,92.93127
36,Kr,krypton,94,93.93436
36,Kr,krypton,95,94.93984
36,Kr,krypton,96,95.94307
36,Kr,krypton,97,96.94856
37,Rb,rubidium,71,70.96532
37,Rb,rubidium,72,71.95908
37,Rb,rubidium,73,72.95037
37,Rb,rubidium,74,73.94447
37,Rb,rubidium,75,74.938569
37,Rb,rubidium,76,75.935071
37,Rb,rubidium,77,76.930407
37,Rb,rubidium,78,77.928141
37,Rb,rubidium,79,78.923997
37,Rb,rubidium,80,79.922519
37,Rb,rubidium,81,80.918994
37,Rb,rubidium,82,81.918208
37,Rb,rubidium,83,82.915112
37,Rb,rubidium,84,83.914385
37,Rb,rubidium,85,84.9117893
37,Rb,rubidium,86,85.9111671
37,Rb,rubidium,87,86.9091835
37,Rb,rubidium,88,87.911319
37,Rb,rubidium,89,88.91228
37,Rb,rubidium,90,89.914809
37,Rb,rubidium,91,90.916534
37,Rb,rubidium,92,91.919725
37,Rb,rubidium,93,92.922033
37,Rb,rubidium,94,93.926407
37,Rb,rubidium,95,94.929319
37,Rb,rubidium,96,95.934284
37,Rb,rubidium,97,96.93734
37,Rb,rubidium,98,97.9417
37,Rb,rubidium,99,98.94542
37,Rb,rubidium,100,99.94987
37,Rb,rubidium,101,100.9532
37,Rb,rubidium,102,101.95921
38,Sr,strontium,73,72.96597
38,Sr,strontium,74,73.95631
38,Sr,strontium,75,74.94992
38,Sr,strontium,76,75.94161
38,Sr,strontium,77,76.93776
38,Sr,strontium,78,77.932179
38,Sr,strontium,79,78.929707
38,Sr,strontium,80,79.924525
38,Sr,strontium,81,80.923213
38,Sr,strontium,82,81.918401
38,Sr,strontium,83,82.917555
38,Sr,strontium,84,83.913425
38,Sr,strontium,85,84.912933
38,Sr,strontium,86,85.9092624
38,Sr,strontium,87,86.9088793
38,Sr,strontium,88,87.9056143
38,Sr,strontium,89,88.9074529
38,Sr,strontium,90,89.9077376
38,Sr,strontium,91,90.91021
38,Sr,strontium,92,91.91103
38,Sr,strontium,93,92.914022
38,Sr,strontium,94,93.91536
38,Sr,strontium,95,94.919358
38,Sr,strontium,96,95.92168
38,Sr,strontium,97,96.926149
38,Sr,strontium,98,97.928471
38,Sr,strontium,99,98.93332
38,Sr,strontium,100,99.93535
38,Sr,strontium,101,100.94052
38,Sr,strontium,102,101.94302
38,Sr,strontium,103,102.94895
38,Sr,strontium,104,103.95233
39,Y,yttrium,77,76.94962
39,Y,yttrium,78,77.9435
39,Y,yttrium,79,78.93735
39,Y,yttrium,80,79.93434
39,Y,yttrium,81,80.92913
39,Y,yttrium,82,81.92679
39,Y,yttrium,83,82.92235
39,Y,yttrium,84,83.92039
39,Y,yttrium,85,84.916427
39,Y,yttrium,86,85.914888
39,Y,yttrium,87,86.9108778
39,Y,yttrium,88,87.9095034
39,Y,yttrium,89,88.9058479
39,Y,yttrium,90,89.9071514
39,Y,yttrium,91,90.907303
39,Y,yttrium,92,91.908947
39,Y,yttrium,93,92.909582
39,Y,yttrium,94,93.911594
39,Y,yttrium,95,94.912824
39,Y,yttrium,96,95.915898
39,Y,yttrium,97,96.918131
39,Y,yttrium,98,97.92222
39,Y,yttrium,99,98.924635
39,Y,yttrium,100,99.92776
39,Y,yttrium,101,100.93031
39,Y,yttrium,102,101.93356
39,Y,yttrium,103,102.93694
39,Y,yttrium,104,103.94145
39,Y,yttrium,105,104.94509
39,Y,yttrium,106,105.95022
40,Zr,zirconium,79,78.94916
40,Zr,zirconium,80,79.94055
40,Zr,zirconium,81,80.93682
40,Zr,zirconium,82,81.93109
40,Zr,zirconium,83,82.92865
40,Zr,zirconium,84,83.92325
40,Zr,zirconium,85,84.92147
40,Zr,zirconium,86,85.91647
40,Zr,zirconium,87,86.914817
40,Zr,zirconium,88,87.910226
40,Zr,zirconium,89,88.908889
40,Zr,zirconium,90,89.9047037
40,Zr,zirconium,91,90.905645
40,Zr,zirconium,92,91.9050401
40,Zr,zirconium,93,92.9064756
40,Zr,zirconium,94,93.9063158
40,Zr,zirconium,95,94.9080427
40,Zr,zirconium,96,95.908276
40,Zr,zirconium,97,96.910951
40,Zr,zirconium,98,97.912746
40,Zr,zirconium,99,98.916511
40,Zr,zirconium,100,99.91776
40,Zr,zirconium,101,100.92114
40,Zr,zirconium,102,101.92298
40,Zr,zirconium,103,102.9266
40,Zr,zirconium,104,103.92878
40,Zr,zirconium,105,104.93305
40,Zr,zirconium,106,105.93591
40,Zr,zirconium,107,106.94086
40,Zr,zirconium,108,107.94428
41,Nb,niobium,81,80.94905
41,Nb,niobium,82,81.94313
41,Nb,niobium,83,82.9367
41,Nb,niobium,84,83.93357
41,Nb,niobium,85,84.92791
41,Nb,niobium,86,85.92504
41,Nb,niobium,87,86.92036
41,Nb,niobium,88,87.91796
41,Nb,niobium,89,88.9135
41,Nb,niobium,90,89.911264
41,Nb,niobium,91,90.906991
41,Nb,niobium,92,91.9071932
41,Nb,niobium,93,92.9063775
41,Nb,niobium,94,93.9072835
41,Nb,niobium,95,94.9068352
41,Nb,niobium,96,95.9081
41,Nb,niobium,97,96.9080971
41,Nb,niobium,98,97.910331
41,Nb,niobium,99,98.911618
41,Nb,niobium,100,99.914181
41,Nb,niobium,101,100.915252
41,Nb,niobium,102,101.91804
41,Nb,niobium,103,102.91914
41,Nb,niobium,104,103.92246
41,Nb,niobium,105,104.92393
41,Nb,niobium,106,105.92819
41,Nb,niobium,107,106.93031
41,Nb,niobium,108,107.93501
41,Nb,niobium,109,108.93763
41,Nb,niobium,110,109.94268
42,Mo,molybdenum,83,82.94874
42,Mo,molybdenum,84,83.94009
42,Mo,molybdenum,85,84.93659
42,Mo,molybdenum,86,85.9307
42,Mo,molybdenum,87,86.92733
42,Mo,molybdenum,88,87.921953
42,Mo,molybdenum,89,88.919481
42,Mo,molybdenum,90,89.913936
42,Mo,molybdenum,91,90.911751
42,Mo,molybdenum,92,91.90681
42,Mo,molybdenum,93,92.906812
42,Mo,molybdenum,94,93.9050876
42,Mo,molybdenum,95,94.9058415
42,Mo,molybdenum,96,95.9046789
42,Mo,molybdenum,97,96.906021
42,Mo,molybdenum,98,97.9054078
42,Mo,molybdenum,99,98.9077116
42,Mo,molybdenum,100,99.907477
42,Mo,molybdenum,101,100.910347
42,Mo,molybdenum,102,101.910297
42,Mo,molybdenum,103,102.9132
42,Mo,molybdenum,104,103.91376
42,Mo,molybdenum,105,104.91697
42,Mo,molybdenum,106,105.918134
42,Mo,molybdenum,107,106.92169
42,Mo,molybdenum,108,107.92358
42,Mo,molybdenum,109,108.92781
42,Mo,molybdenum,110,109.92973
42,Mo,molybdenum,111,110.93451
42,Mo,molybdenum,112,111.93684
42,Mo,molybdenum,113,112.94203
43,Tc,technetium,85,84.94894
43,Tc,technetium,86,85.94288
43,Tc,technetium,87,86.93653
43,Tc,technetium,88,87.93283
43,Tc,technetium,89,88.92754
43,Tc,technetium,90,89.92356
43,Tc,technetium,91,90.91843
43,Tc,technetium,92,91.91526
43,Tc,technetium,93,92.910248
43,Tc,technetium,94,93.909656
43,Tc,technetium,95,94.907656
43,Tc,technetium,96,95.907871
43,Tc,technetium,97,96.906365
43,Tc,technetium,98,97.907216
43,Tc,technetium,99,98.9062546
43,Tc,technetium,100,99.9076576
43,Tc,technetium,101,100.907314
43,Tc,technetium,102,101.909213
43,Tc,technetium,103,102.909179
43,Tc,technetium,104,103.91144
43,Tc,technetium,105,104.91166
43,Tc,technetium,106,105.914355
43,Tc,technetium,107,106.91508
43,Tc,technetium,108,107.91848
43,Tc,technetium,109,108.91963
43,Tc,technetium,110,109.92339
43,Tc,technetium,111,110.92505
43,Tc,technetium,112,111.92924
43,Tc,technetium,113,112.93133
43,Tc,technetium,114,113.93588
43,Tc,technetium,115,114.93828
44,Ru,ruthenium,87,86.94918
44,Ru,ruthenium,88,87.94042
44,Ru,ruthenium,89,88.93611
44,Ru,ruthenium,90,89.92978
44,Ru,ruthenium,91,90.92638
44,Ru,ruthenium,92,91.92012
44,Ru,ruthenium,93,92.91705
44,Ru,ruthenium,94,93.91136
44,Ru,ruthenium,95,94.910413
44,Ru,ruthenium,96,95.907598
44,Ru,ruthenium,97,96.907555
44,Ru,ruthenium,98,97.905287
44,Ru,ruthenium,99,98.9059393
44,Ru,ruthenium,100,99.9042197
44,Ru,ruthenium,101,100.9055822
44,Ru,ruthenium,102,101.9043495
44,Ru,ruthenium,103,102.9063237
44,Ru,ruthenium,104,103.90543
44,Ru,ruthenium,105,104.90775
44,Ru,ruthenium,106,105.907327
44,Ru,ruthenium,107,106.90991
44,Ru,ruthenium,108,107.91019
44,Ru,ruthenium,109,108.9132
44,Ru,ruthenium,110,109.91397
44,Ru,ruthenium,111,110.91756
44,Ru,ruthenium,112,111.91855
44,Ru,ruthenium,113,112.92254
44,Ru,ruthenium,114,113.924
44,Ru,ruthenium,115,114.92831
44,Ru,ruthenium,116,115.93016
44,Ru,ruthenium,117,116.93479
44,Ru,ruthenium,118,117.93703
45,Rh,rhodium,89,88.94938
45,Rh,rhodium,90,89.94287
45,Rh,rhodium,91,90.93655
45,Rh,rhodium,92,91.93198
45,Rh,rhodium,93,92.92574
45,Rh,rhodium,94,93.9217
45,Rh,rhodium,95,94.9159
45,Rh,rhodium,96,95.914518
45,Rh,rhodium,97,96.91134
45,Rh,rhodium,98,97.910716
45,Rh,rhodium,99,98.908132
45,Rh,rhodium,100,99.908117
45,Rh,rhodium,101,100.906164
45,Rh,rhodium,102,101.906843
45,Rh,rhodium,103,102.905504
45,Rh,rhodium,104,103.906655
45,Rh,rhodium,105,104.905692
45,Rh,rhodium,106,105.907285
45,Rh,rhodium,107,106.906751
45,Rh,rhodium,108,107.90873
45,Rh,rhodium,109,108.908736
45,Rh,rhodium,110,109.91095
45,Rh,rhodium,111,110.91166
45,Rh,rhodium,112,111.91461
45,Rh,rhodium,113,112.91542
45,Rh,rhodium,114,113.91885
45,Rh,rhodium,115,114.92012
45,Rh,rhodium,116,115.92371
45,Rh,rhodium,117,116.92535
45,Rh,rhodium,118,117.92943
45,Rh,rhodium,119,118.93136
45,Rh,rhodium,120,119.93578
45,Rh,rhodium,121,120.93808
46,Pd,palladium,91,90.94948
46,Pd,palladium,92,91.94042
46,Pd,palladium,93,92.93591
46,Pd,palladium,94,93.92877
46,Pd,palladium,95,94.92469
46,Pd,palladium,96,95.91822
46,Pd,palladium,97,96.91648
46,Pd,palladium,98,97.912721
46,Pd,palladium,99,98.911768
46,Pd,palladium,100,99.908505
46,Pd,palladium,101,100.908289
46,Pd,palladium,102,101.905608
46,Pd,palladium,103,102.906087
46,Pd,palladium,104,103.904035
46,Pd,palladium,105,104.905084
46,Pd,palladium,106,105.903483
46,Pd,palladium,107,106.905128
46,Pd,palladium,108,107.903894
46,Pd,palladium,109,108.905954
46,Pd,palladium,110,109.905152
46,Pd,palladium,111,110.90764
46,Pd,palladium,112,111.907313
46,Pd,palladium,113,112.91015
46,Pd,palladium,114,113.910365
46,Pd,palladium,115,114.91368
46,Pd,palladium,116,115.91416
46,Pd,palladium,117,116.91784
46,Pd,palladium,118,117.91898
46,Pd,palladium,119,118.92268
46,Pd,palladium,120,119.92403
46,Pd,palladium,121,120.92818
46,Pd,palladium,122,121.9298
46,Pd,palladium,123,122.93426
47,Ag,silver,94,93.94278
47,Ag,silver,95,94.93548
47,Ag,silver,96,95.93068
47,Ag,silver,97,96.924
47,Ag,silver,98,97.92176
47,Ag,silver,99,98.9176
47,Ag,silver,100,99.91607
47,Ag,silver,101,100.9128
47,Ag,silver,102,101.912
47,Ag,silver,103,102.908972
47,Ag,silver,104,103.908628
47,Ag,silver,105,104.906528
47,Ag,silver,106,105.906666
47,Ag,silver,107,106.905093
47,Ag,silver,108,107.905954
47,Ag,silver,109,108.904756
47,Ag,silver,110,109.90611
47,Ag,silver,111,110.905295
47,Ag,silver,112,111.907004
47,Ag,silver,113,112.906566
47,Ag,silver,114,113.908808
47,Ag,silver,115,114.90876
47,Ag,silver,116,115.91136
47,Ag,silver,117,116.91168
47,Ag,silver,118,117.91458
47,Ag,silver,119,118.91567
47,Ag,silver,120,119.91879
47,Ag,silver,121,120.91985
47,Ag,silver,122,121.92332
47,Ag,silver,123,122.9249
47,Ag,silver,124,123.92853
47,Ag,silver,125,124.93054
47,Ag,silver,126,125.9345
47,Ag,silver,127,126.93688
48,Cd,cadmium,96,95.93977
48,Cd,cadmium,97,96.93494
48,Cd,cadmium,98,97.92758
48,Cd,cadmium,99,98.92501
48,Cd,cadmium,100,99.92023
48,Cd,cadmium,101,100.91868
48,Cd,cadmium,102,101.91478
48,Cd,cadmium,103,102.913419
48,Cd,cadmium,104,103.909848
48,Cd,cadmium,105,104.909468
48,Cd,cadmium,106,105.906458
48,Cd,cadmium,107,106.906614
48,Cd,cadmium,108,107.904183
48,Cd,cadmium,109,108.904986
48,Cd,cadmium,110,109.903006
48,Cd,cadmium,111,110.904182
48,Cd,cadmium,112,111.9027572
48,Cd,cadmium,113,112.9044009
48,Cd,cadmium,114,113.9033581
48,Cd,cadmium,115,114.905431
48,Cd,cadmium,116,115.904755
48,Cd,cadmium,117,116.907218
48,Cd,cadmium,118,117.906914
48,Cd,cadmium,119,118.90992
48,Cd,cadmium,120,119.909851
48,Cd,cadmium,121,120.91298
48,Cd,cadmium,122,121.9135
48,Cd,cadmium,123,122.917
48,Cd,cadmium,124,123.91765
48,Cd,cadmium,125,124.92125
48,Cd,cadmium,126,125.92235
48,Cd,cadmium,127,126.92643
48,Cd,cadmium,128,127.92776
48,Cd,cadmium,129,128.93226
48,Cd,cadmium,130,129.93398
49,In,indium,98,97.94224
49,In,indium,99,98.93461
49,In,indium,100,99.93115
49,In,indium,101,100.92656
49,In,indium,102,101.92471
49,In,indium,103,102.919914
49,In,indium,104,103.91834
49,In,indium,105,104.914673
49,In,indium,106,105.913461
49,In,indium,107,106.910292
49,In,indium,108,107.90972
49,In,indium,109,108.907154
49,In,indium,110,109.907169
49,In,indium,111,110.905111
49,In,indium,112,111.905533
49,In,indium,113,112.904061
49,In,indium,114,113.904917
49,In,indium,115,114.903878
49,In,indium,116,115.90526
49,In,indium,117,116.904516
49,In,indium,118,117.906355
49,In,indium,119,118.905846
49,In,indium,120,119.90796
49,In,indium,121,120.907849
49,In,indium,122,121.91028
49,In,indium,123,122.910439
49,In,indium,124,123.91318
49,In,indium,125,124.9136
49,In,indium,126,125.91646
49,In,indium,127,126.91734
49,In,indium,128,127.92017
49,In,indium,129,128.92166
49,In,indium,130,129.92485
49,In,indium,131,130.92677
49,In,indium,132,131.93292
49,In,indium,133,132.93834
49,In,indium,134,133.94466
50,Sn,tin,100,99.93895
50,Sn,tin,101,100.93606
50,Sn,tin,102,101.93049
50,Sn,tin,103,102.92813
50,Sn,tin,104,103.92319
50,Sn,tin,105,104.92139
50,Sn,tin,106,105.91688
50,Sn,tin,107,106.91567
50,Sn,tin,108,107.91197
50,Sn,tin,109,108.911287
50,Sn,tin,110,109.907853
50,Sn,tin,111,110.907735
50,Sn,tin,112,111.904821
50,Sn,tin,113,112.905173
50,Sn,tin,114,113.902782
50,Sn,tin,115,114.903346
50,Sn,tin,116,115.901744
50,Sn,tin,117,116.902954
50,Sn,tin,118,117.901606
50,Sn,tin,119,118.903309
50,Sn,tin,120,119.9021966
50,Sn,tin,121,120.9042369
50,Sn,tin,122,121.9034401
50,Sn,tin,123,122.9057219
50,Sn,tin,124,123.9052746
50,Sn,tin,125,124.9077849
50,Sn,tin,126,125.907654
50,Sn,tin,127,126.910351
50,Sn,tin,128,127.910535
50,Sn,tin,129,128.91344
50,Sn,tin,130,129.91385
50,Sn,tin,131,130.91692
50,Sn,tin,132,131.917744
50,Sn,tin,133,132.92381
50,Sn,tin,134,133.92846
50,Sn,tin,135,134.93473
50,Sn,tin,136,135.93934
50,Sn,tin,137,136.94579
51,Sb,antimony,103,102.94012
51,Sb,antimony,104,103.93629
51,Sb,antimony,105,104.93153
51,Sb,antimony,106,105.92876
51,Sb,antimony,107,106.92415
51,Sb,antimony,108,107.92216
51,Sb,antimony,109,108.918136
51,Sb,antimony,110,109.91676
51,Sb,antimony,111,110.91321
51,Sb,antimony,112,111.912395
51,Sb,antimony,113,112.909378
51,Sb,antimony,114,113.9091
51,Sb,antimony,115,114.906599
51,Sb,antimony,116,115.906797
51,Sb,antimony,117,116.90484
51,Sb,antimony,118,117.905532
51,Sb,antimony,119,118.903946
51,Sb,antimony,120,119.905074
51,Sb,antimony,121,120.903818
51,Sb,antimony,122,121.9051754
51,Sb,antimony,123,122.9042157
51,Sb,antimony,124,123.9059375
51,Sb,antimony,125,124.905248
51,Sb,antimony,126,125.90725
51,Sb,antimony,127,126.906915
51,Sb,antimony,128,127.909167
51,Sb,antimony,129,128.90915
51,Sb,antimony,130,129.911546
51,Sb,antimony,131,130.91195
51,Sb,antimony,132,131.914413
51,Sb,antimony,133,132.91524
51,Sb,antimony,134,133.92055
51,Sb,antimony,135,134.92517
51,Sb,antimony,136,135.93066
51,Sb,antimony,137,136.93531
51,Sb,antimony,138,137.94096
51,Sb,antimony,139,138.94571
52,Te,tellurium,106,105.9377
52,Te,tellurium,107,106.93504
52,Te,tellurium,108,107.92949
52,Te,tellurium,109,108.92746
52,Te,tellurium,110,109.92241
52,Te,tellurium,111,110.92112
52,Te,tellurium,112,111.91706
52,Te,tellurium,113,112.91593
52,Te,tellurium,114,113.91206
52,Te,tellurium,115,114.91158
52,Te,tellurium,116,115.90842
52,Te,tellurium,117,116.908634
52,Te,tellurium,118,117.905825
52,Te,tellurium,119,118.906408
52,Te,tellurium,120,119.90402
52,Te,tellurium,121,120.90493
52,Te,tellurium,122,121.9030471
52,Te,tellurium,123,122.904273
52,Te,tellurium,124,123.9028195
52,Te,tellurium,125,124.9044247
52,Te,tellurium,126,125.9033055
52,Te,tellurium,127,126.905217
52,Te,tellurium,128,127.9044614
52,Te,tellurium,129,128.906596
52,Te,tellurium,130,129.9062228
52,Te,tellurium,131,130.9085219
52,Te,tellurium,132,131.908524
52,Te,tellurium,133,132.91094
52,Te,tellurium,134,133.91154
52,Te,tellurium,135,134.91645
52,Te,tellurium,136,135.9201
52,Te,tellurium,137,136.92532
52,Te,tellurium,138,137.92922
52,Te,tellurium,139,138.93473
52,Te,tellurium,140,139.9387
52,Te,tellurium,141,140.94439
52,Te,tellurium,142,141.9485
53,I,iodine,108,107.94329
53,I,iodine,109,108.93819
53,I,iodine,110,109.93521
53,I,iodine,111,110.93028
53,I,iodine,112,111.92797
53,I,iodine,113,112.92364
53,I,iodine,114,113.92185
53,I,iodine,115,114.91792
53,I,iodine,116,115.91674
53,I,iodine,117,116.91365
53,I,iodine,118,117.91338
53,I,iodine,119,118.91018
53,I,iodine,120,119.910048
53,I,iodine,121,120.907366
53,I,iodine,122,121.907592
53,I,iodine,123,122.905598
53,I,iodine,124,123.9062114
53,I,iodine,125,124.9046241
53,I,iodine,126,125.905619
53,I,iodine,127,126.904468
53,I,iodine,128,127.905805
53,I,iodine,129,128.904987
53,I,iodine,130,129.906674
53,I,iodine,131,130.9061242
53,I,iodine,132,131.907995
53,I,iodine,133,132.907806
53,I,iodine,134,133.909877
53,I,iodine,135,134.91005
53,I,iodine,136,135.91466
53,I,iodine,137,136.917873
53,I,iodine,138,137.92238
53,I,iodine,139,138.92609
53,I,iodine,140,139.93121
53,I,iodine,141,140.93483
53,I,iodine,142,141.94018
53,I,iodine,143,142.94407
53,I,iodine,144,143.94961
54,Xe,xenon,110,109.94448
54,Xe,xenon,111,110.94163
54,Xe,xenon,112,111.93567
54,Xe,xenon,113,112.93338
54,Xe,xenon,114,113.92815
54,Xe,xenon,115,114.92654
54,Xe,xenon,116,115.92174
54,Xe,xenon,117,116.92056
54,Xe,xenon,118,117.91657
54,Xe,xenon,119,118.91555
54,Xe,xenon,120,119.91215
54,Xe,xenon,121,120.911386
54,Xe,xenon,122,121.90855
54,Xe,xenon,123,122.908471
54,Xe,xenon,124,123.9058958
54,Xe,xenon,125,124.9063982
54,Xe,xenon,126,125.904269
54,Xe,xenon,127,126.90518
54,Xe,xenon,128,127.9035304
54,Xe,xenon,129,128.9047795
54,Xe,xenon,130,129.9035079
54,Xe,xenon,131,130.9050819
54,Xe,xenon,132,131.9041545
54,Xe,xenon,133,132.905906
54,Xe,xenon,134,133.9053945
54,Xe,xenon,135,134.907207
54,Xe,xenon,136,135.90722
54,Xe,xenon,137,136.911563
54,Xe,xenon,138,137.91399
54,Xe,xenon,139,138.918787
54,Xe,xenon,140,139.92164
54,Xe,xenon,141,140.92665
54,Xe,xenon,142,141.9297
54,Xe,xenon,143,142.93489
54,Xe,xenon,144,143.93823
54,Xe,xenon,145,144.94367
54,Xe,xenon,146,145.9473
54,Xe,xenon,147,146.95301
55,Cs,cesium,112,111.95033
55,Cs,cesium,113,112.94454
55,Cs,cesium,114,113.94142
55,Cs,cesium,115,114.93594
55,Cs,cesium,116,115.93291
55,Cs,cesium,117,116.92864
55,Cs,cesium,118,117.926555
55,Cs,cesium,119,118.922371
55,Cs,cesium,120,119.920678
55,Cs,cesium,121,120.917184
55,Cs,cesium,122,121.916122
55,Cs,cesium,123,122.91299
55,Cs,cesium,124,123.912246
55,Cs,cesium,125,124.909725
55,Cs,cesium,126,125.909448
55,Cs,cesium,127,126.907418
55,Cs,cesium,128,127.907748
55,Cs,cesium,129,128.906063
55,Cs,cesium,130,129.906706
55,Cs,cesium,131,130.90546
55,Cs,cesium,132,131.90643
55,Cs,cesium,133,132.905447
55,Cs,cesium,134,133.906713
55,Cs,cesium,135,134.905972
55,Cs,cesium,136,135.907306
55,Cs,cesium,137,136.907084
55,Cs,cesium,138,137.911011
55,Cs,cesium,139,138.913358
55,Cs,cesium,140,139.917277
55,Cs,cesium,141,140.920044
55,Cs,cesium,142,141.924292
55,Cs,cesium,143,142.92733
55,Cs,cesium,144,143.93203
55,Cs,cesium,145,144.93539
55,Cs,cesium,146,145.94016
55,Cs,cesium,147,146.94386
55,Cs,cesium,148,147.9489
55,Cs,cesium,149,148.95272
55,Cs,cesium,150,149.95797
55,Cs,cesium,151,150.962
56,Ba,barium,114,113.95094
56,Ba,barium,115,114.94771
56,Ba,barium,116,115.94168
56,Ba,barium,117,116.93886
56,Ba,barium,118,117.93344
56,Ba,barium,119,118.93105
56,Ba,barium,120,119.92605
56,Ba,barium,121,120.92449
56,Ba,barium,122,121.92026
56,Ba,barium,123,122.91885
56,Ba,barium,124,123.915088
56,Ba,barium,125,124.91462
56,Ba,barium,126,125.911244
56,Ba,barium,127,126.91112
56,Ba,barium,128,127.908309
56,Ba,barium,129,128.908674
56,Ba,barium,130,129.90631
56,Ba,barium,131,130.906931
56,Ba,barium,132,131.905056
56,Ba,barium,133,132.906002
56,Ba,barium,134,133.904503
56,Ba,barium,135,134.905683
56,Ba,barium,136,135.90457
56,Ba,barium,137,136.905821
56,Ba,barium,138,137.905241
56,Ba,barium,139,138.908835
56,Ba,barium,140,139.910599
56,Ba,barium,141,140.914406
56,Ba,barium,142,141.916448
56,Ba,barium,143,142.920617
56,Ba,barium,144,143.92294
56,Ba,barium,145,144.92692
56,Ba,barium,146,145.93011
56,Ba,barium,147,146.93399
56,Ba,barium,148,147.93768
56,Ba,barium,149,148.94246
56,Ba,barium,150,149.94562
56,Ba,barium,151,150.9507
56,Ba,barium,152,151.95416
56,Ba,barium,153,152.95961
57,La,lanthanum,117,116.95001
57,La,lanthanum,118,117.94657
57,La,lanthanum,119,118.94099
57,La,lanthanum,120,119.93807
57,La,lanthanum,121,120.93301
57,La,lanthanum,122,121.93071
57,La,lanthanum,123,122.92624
57,La,lanthanum,124,123.92453
57,La,lanthanum,125,124.92067
57,La,lanthanum,126,125.91937
57,La,lanthanum,127,126.91616
57,La,lanthanum,128,127.91545
57,La,lanthanum,129,128.91267
57,La,lanthanum,130,129.91232
57,La,lanthanum,131,130.91011
57,La,lanthanum,132,131.91011
57,La,lanthanum,133,132.9084
57,La,lanthanum,134,133.90849
57,La,lanthanum,135,134.906971
57,La,lanthanum,136,135.90765
57,La,lanthanum,137,136.90647
57,La,lanthanum,138,137.907107
57,La,lanthanum,139,138.906348
57,La,lanthanum,140,139.909473
57,La,lanthanum,141,140.910957
57,La,lanthanum,142,141.914074
57,La,lanthanum,143,142.916059
57,La,lanthanum,144,143.91959
57,La,lanthanum,145,144.92164
57,La,lanthanum,146,145.9257
57,La,lanthanum,147,146.92782
57,La,lanthanum,148,147.93219
57,La,lanthanum,149,148.93437
57,La,lanthanum,150,149.93857
57,La,lanthanum,151,150.94156
57,La,lanthanum,152,151.94611
57,La,lanthanum,153,152.94945
57,La,lanthanum,154,153.9544
57,La,lanthanum,155,154.95813
58,Ce,cerium,119,118.95276
58,Ce,cerium,120,119.94664
58,Ce,cerium,121,120.94367
58,Ce,cerium,122,121.93801
58,Ce,cerium,123,122.93551
58,Ce,cerium,124,123.93052
58,Ce,cerium,125,124.92854
58,Ce,cerium,126,125.9241
58,Ce,cerium,127,126.92275
58,Ce,cerium,128,127.91887
58,Ce,cerium,129,128.91809
58,Ce,cerium,130,129.91469
58,Ce,cerium,131,130.91442
58,Ce,cerium,132,131.91149
58,Ce,cerium,133,132.91155
58,Ce,cerium,134,133.90903
58,Ce,cerium,135,134.909146
58,Ce,cerium,136,135.90714
58,Ce,cerium,137,136.90778
58,Ce,cerium,138,137.905986
58,Ce,cerium,139,138.906647
58,Ce,cerium,140,139.905434
58,Ce,cerium,141,140.908271
58,Ce,cerium,142,141.90924
58,Ce,cerium,143,142.912381
58,Ce,cerium,144,143.913643
58,Ce,cerium,145,144.91723
58,Ce,cerium,146,145.91869
58,Ce,cerium,147,146.92251
58,Ce,cerium,148,147.92439
58,Ce,cerium,149,148.92829
58,Ce,cerium,150,149.93023
58,Ce,cerium,151,150.93404
58,Ce,cerium,152,151.93638
58,Ce,cerium,153,152.94058
58,Ce,cerium,154,153.94332
58,Ce,cerium,155,154.94804
58,Ce,cerium,156,155.95126
58,Ce,cerium,157,156.95634
59,Pr,praseodymium,121,120.95536
59,Pr,praseodymium,122,121.95165
59,Pr,praseodymium,123,122.94596
59,Pr,praseodymium,124,123.94296
59,Pr,praseodymium,125,124.93783
59,Pr,praseodymium,126,125.93531
59,Pr,praseodymium,127,126.93083
59,Pr,praseodymium,128,127.9288
59,Pr,praseodymium,129,128.92486
59,Pr,praseodymium,130,129.92338
59,Pr,praseodymium,131,130.92006
59,Pr,praseodymium,132,131.91912
59,Pr,praseodymium,133,132.9162
59,Pr,praseodymium,134,133.91567
59,Pr,praseodymium,135,134.91314
59,Pr,praseodymium,136,135.91265
59,Pr,praseodymium,137,136.91068
59,Pr,praseodymium,138,137.910749
59,Pr,praseodymium,139,138.908932
59,Pr,praseodymium,140,139.909071
59,Pr,praseodymium,141,140.907648
59,Pr,praseodymium,142,141.91004
59,Pr,praseodymium,143,142.910812
59,Pr,praseodymium,144,143.913301
59,Pr,praseodymium,145,144.914507
59,Pr,praseodymium,146,145.91759
59,Pr,praseodymium,147,146.91898
59,Pr,praseodymium,148,147.92218
59,Pr,praseodymium,149,148.923791
59,Pr,praseodymium,150,149.927
59,Pr,praseodymium,151,150.92823
59,Pr,praseodymium,152,151.9316
59,Pr,praseodymium,153,152.93365
59,Pr,praseodymium,154,153.93739
59,Pr,praseodymium,155,154.93999
59,Pr,praseodymium,156,155.94412
59,Pr,praseodymium,157,156.94717
59,Pr,praseodymium,158,157.95178
59,Pr,praseodymium,159,158.95523
60,Nd,neodymium,126,125.94307
60,Nd,neodymium,127,126.9405
60,Nd,neodymium,128,127.93539
60,Nd,neodymium,129,128.93325
60,Nd,neodymium,130,129.92878
60,Nd,neodymium,131,130.9271
60,Nd,neodymium,132,131.92312
60,Nd,neodymium,133,132.92221
60,Nd,neodymium,134,133.91865
60,Nd,neodymium,135,134.91824
60,Nd,neodymium,136,135.91502
60,Nd,neodymium,137,136.91464
60,Nd,neodymium,138,137.91193
60,Nd,neodymium,139,138.91192
60,Nd,neodymium,140,139.90931
60,Nd,neodymium,141,140.909605
60,Nd,neodymium,142,141.907719
60,Nd,neodymium,143,142.90981
60,Nd,neodymium,144,143.910083
60,Nd,neodymium,145,144.912569
60,Nd,neodymium,146,145.913112
60,Nd,neodymium,147,146.916096
60,Nd,neodymium,148,147.916889
60,Nd,neodymium,149,148.920144
60,Nd,neodymium,150,149.920887
60,Nd,neodymium,151,150.923825
60,Nd,neodymium,152,151.92468
60,Nd,neodymium,153,152.927695
60,Nd,neodymium,154,153.92948
60,Nd,neodymium,155,154.93263
60,Nd,neodymium,156,155.9352
60,Nd,neodymium,157,156.93927
60,Nd,neodymium,158,157.94187
60,Nd,neodymium,159,158.94639
60,Nd,neodymium,160,159.94939
60,Nd,neodymium,161,160.95433
61,Pm,promethium,128,127.94826
61,Pm,promethium,129,128.94316
61,Pm,promethium,130,129.94045
61,Pm,promethium,131,130.9358
61,Pm,promethium,132,131.93375
61,Pm,promethium,133,132.92972
61,Pm,promethium,134,133.92849
61,Pm,promethium,135,134.92462
61,Pm,promethium,136,135.92345
61,Pm,promethium,137,136.92071
61,Pm,promethium,138,137.91945
61,Pm,promethium,139,138.91676
61,Pm,promethium,140,139.9158
61,Pm,promethium,141,140.913607
61,Pm,promethium,142,141.91295
61,Pm,promethium,143,142.910928
61,Pm,promethium,144,143.912586
61,Pm,promethium,145,144.912744
61,Pm,promethium,146,145.914692
61,Pm,promethium,147,146.915134
61,Pm,promethium,148,147.917468
61,Pm,promethium,149,148.918329
61,Pm,promethium,150,149.920979
61,Pm,promethium,151,150.921203
61,Pm,promethium,152,151.92349
61,Pm,promethium,153,152.924113
61,Pm,promethium,154,153.92655
61,Pm,promethium,155,154.9281
61,Pm,promethium,156,155.93106
61,Pm,promethium,157,156.9332
61,Pm,promethium,158,157.93669
61,Pm,promethium,159,158.93913
61,Pm,promethium,160,159.94299
61,Pm,promethium,161,160.94586
61,Pm,promethium,162,161.95029
61,Pm,promethium,163,162.95352
62,Sm,samarium,130,129.94863
62,Sm,samarium,131,130.94589
62,Sm,samarium,132,131.94082
62,Sm,samarium,133,132.93873
62,Sm,samarium,134,133.93402
62,Sm,samarium,135,134.93235
62,Sm,samarium,136,135.9283
62,Sm,samarium,137,136.92705
62,Sm,samarium,138,137.92354
62,Sm,samarium,139,138.922302
62,Sm,samarium,140,139.918991
62,Sm,samarium,141,140.918469
62,Sm,samarium,142,141.915193
62,Sm,samarium,143,142.914624
62,Sm,samarium,144,143.911995
62,Sm,samarium,145,144.913406
62,Sm,samarium,146,145.913037
62,Sm,samarium,147,146.914893
62,Sm,samarium,148,147.914818
62,Sm,samarium,149,148.91718
62,Sm,samarium,150,149.917271
62,Sm,samarium,151,150.919928
62,Sm,samarium,152,151.919728
62,Sm,samarium,153,152.922094
62,Sm,samarium,154,153.922205
62,Sm,samarium,155,154.924636
62,Sm,samarium,156,155.925526
62,Sm,samarium,157,156.92835
62,Sm,samarium,158,157.92999
62,Sm,samarium,159,158.9332
62,Sm,samarium,160,159.93514
62,Sm,samarium,161,160.93883
62,Sm,samarium,162,161.94122
62,Sm,samarium,163,162.94536
62,Sm,samarium,164,163.94828
62,Sm,samarium,165,164.95298
63,Eu,europium,132,131.95416
63,Eu,europium,133,132.9489
63,Eu,europium,134,133.94632
63,Eu,europium,135,134.94172
63,Eu,europium,136,135.9395
63,Eu,europium,137,136.93521
63,Eu,europium,138,137.93345
63,Eu,europium,139,138.92984
63,Eu,europium,140,139.92808
63,Eu,europium,141,140.92489
63,Eu,europium,142,141.9234
63,Eu,europium,143,142.920287
63,Eu,europium,144,143.918774
63,Eu,europium,145,144.916261
63,Eu,europium,146,145.9172
63,Eu,europium,147,146.916741
63,Eu,europium,148,147.918154
63,Eu,europium,149,148.917926
63,Eu,europium,150,149.919698
63,Eu,europium,151,150.919846
63,Eu,europium,152,151.92174
63,Eu,europium,153,152.921226
63,Eu,europium,154,153.922975
63,Eu,europium,155,154.922889
63,Eu,europium,156,155.924751
63,Eu,europium,157,156.925419
63,Eu,europium,158,157.92784
63,Eu,europium,159,158.929084
63,Eu,europium,160,159.93197
63,Eu,europium,161,160.93368
63,Eu,europium,162,161.93704
63,Eu,europium,163,162.93921
63,Eu,europium,164,163.94299
63,Eu,europium,165,164.94572
63,Eu,europium,166,165.94997
63,Eu,europium,167,166.95305
64,Gd,gadolinium,136,135.94707
64,Gd,gadolinium,137,136.94465
64,Gd,gadolinium,138,137.93997
64,Gd,gadolinium,139,138.93808
64,Gd,gadolinium,140,139.93395
64,Gd,gadolinium,141,140.93221
64,Gd,gadolinium,142,141.92823
64,Gd,gadolinium,143,142.92674
64,Gd,gadolinium,144,143.92279
64,Gd,gadolinium,145,144.92169
64,Gd,gadolinium,146,145.918305
64,Gd,gadolinium,147,146.919089
64,Gd,gadolinium,148,147.91811
64,Gd,gadolinium,149,148.919336
64,Gd,gadolinium,150,149.918655
64,Gd,gadolinium,151,150.920344
64,Gd,gadolinium,152,151.919788
64,Gd,gadolinium,153,152.921746
64,Gd,gadolinium,154,153.920862
64,Gd,gadolinium,155,154.922619
64,Gd,gadolinium,156,155.92212
64,Gd,gadolinium,157,156.923957
64,Gd,gadolinium,158,157.924101
64,Gd,gadolinium,159,158.926385
64,Gd,gadolinium,160,159.927051
64,Gd,gadolinium,161,160.929666
64,Gd,gadolinium,162,161.930981
64,Gd,gadolinium,163,162.93399
64,Gd,gadolinium,164,163.93586
64,Gd,gadolinium,165,164.93938
64,Gd,gadolinium,166,165.9416
64,Gd,gadolinium,167,166.94557
64,Gd,gadolinium,168,167.94836
64,Gd,gadolinium,169,168.95287
65,Tb,terbium,138,137.95287
65,Tb,terbium,139,138.94803
65,Tb,terbium,140,139.94554
65,Tb,terbium,141,140.94116
65,Tb,terbium,142,141.93886
65,Tb,terbium,143,142.93475
65,Tb,terbium,144,143.93253
65,Tb,terbium,145,144.92888
65,Tb,terbium,146,145.92718
65,Tb,terbium,147,146.924037
65,Tb,terbium,148,147.9243
65,Tb,terbium,149,148.923242
65,Tb,terbium,150,149.923654
65,Tb,terbium,151,150.923098
65,Tb,terbium,152,151.92407
65,Tb,terbium,153,152.923431
65,Tb,terbium,154,153.92469
65,Tb,terbium,155,154.9235
65,Tb,terbium,156,155.924744
65,Tb,terbium,157,156.924021
65,Tb,terbium,158,157.92541
65,Tb,terbium,159,158.925343
65,Tb,terbium,160,159.927164
65,Tb,terbium,161,160.927566
65,Tb,terbium,162,161.92948
65,Tb,terbium,163,162.930644
65,Tb,terbium,164,163.93335
65,Tb,terbium,165,164.93488
65,Tb,terbium,166,165.93805
65,Tb,terbium,167,166.94005
65,Tb,terbium,168,167.94364
65,Tb,terbium,169,168.94622
65,Tb,terbium,170,169.95025
65,Tb,terbium,171,170.9533
66,Dy,dysprosium,140,139.95379
66,Dy,dysprosium,141,140.95119
66,Dy,dysprosium,142,141.94627
66,Dy,dysprosium,143,142.94383
66,Dy,dysprosium,144,143.93907
66,Dy,dysprosium,145,144.93695
66,Dy,dysprosium,146,145.93272
66,Dy,dysprosium,147,146.93088
66,Dy,dysprosium,148,147.92718
66,Dy,dysprosium,149,148.927334
66,Dy,dysprosium,150,149.92558
66,Dy,dysprosium,151,150.92618
66,Dy,dysprosium,152,151.924714
66,Dy,dysprosium,153,152.925761
66,Dy,dysprosium,154,153.924422
66,Dy,dysprosium,155,154.925749
66,Dy,dysprosium,156,155.924278
66,Dy,dysprosium,157,156.925461
66,Dy,dysprosium,158,157.924405
66,Dy,dysprosium,159,158.925736
66,Dy,dysprosium,160,159.925194
66,Dy,dysprosium,161,160.92693
66,Dy,dysprosium,162,161.926795
66,Dy,dysprosium,163,162.928728
66,Dy,dysprosium,164,163.929171
66,Dy,dysprosium,165,164.9317
66,Dy,dysprosium,166,165.932803
66,Dy,dysprosium,167,166.93565
66,Dy,dysprosium,168,167.93723
66,Dy,dysprosium,169,168.9403
66,Dy,dysprosium,170,169.94267
66,Dy,dysprosium,171,170.94648
66,Dy,dysprosium,172,171.94911
66,Dy,dysprosium,173,172.95344
67,Ho,holmium,142,141.95986
67,Ho,holmium,143,142.95469
67,Ho,holmium,144,143.95164
67,Ho,holmium,145,144.94688
67,Ho,holmium,146,145.9441
67,Ho,holmium,147,146.93984
67,Ho,holmium,148,147.93727
67,Ho,holmium,149,148.93379
67,Ho,holmium,150,149.93335
67,Ho,holmium,151,150.931681
67,Ho,holmium,152,151.93174
67,Ho,holmium,153,152.930195
67,Ho,holmium,154,153.930596
67,Ho,holmium,155,154.929079
67,Ho,holmium,156,155.92971
67,Ho,holmium,157,156.92819
67,Ho,holmium,158,157.92895
67,Ho,holmium,159,158.927709
67,Ho,holmium,160,159.928726
67,Ho,holmium,161,160.927852
67,Ho,holmium,162,161.929092
67,Ho,holmium,163,162.92873
67,Ho,holmium,164,163.930231
67,Ho,holmium,165,164.930319
67,Ho,holmium,166,165.932281
67,Ho,holmium,167,166.933126
67,Ho,holmium,168,167.9355
67,Ho,holmium,169,168.936868
67,Ho,holmium,170,169.93961
67,Ho,holmium,171,170.94146
67,Ho,holmium,172,171.94482
67,Ho,holmium,173,172.94729
67,Ho,holmium,174,173.95115
67,Ho,holmium,175,174.95405
68,Er,erbium,144,143.96059
68,Er,erbium,145,144.95746
68,Er,erbium,146,145.95212
68,Er,erbium,147,146.94931
68,Er,erbium,148,147.94444
68,Er,erbium,149,148.94217
68,Er,erbium,150,149.93776
68,Er,erbium,151,150.93746
68,Er,erbium,152,151.93508
68,Er,erbium,153,152.935093
68,Er,erbium,154,153.932777
68,Er,erbium,155,154.9332
68,Er,erbium,156,155.93102
68,Er,erbium,157,156.93195
68,Er,erbium,158,157.92991
68,Er,erbium,159,158.930681
68,Er,erbium,160,159.92908
68,Er,erbium,161,160.930001
68,Er,erbium,162,161.928775
68,Er,erbium,163,162.930029
68,Er,erbium,164,163.929197
68,Er,erbium,165,164.930723
68,Er,erbium,166,165.93029
68,Er,erbium,167,166.932045
68,Er,erbium,168,167.932368
68,Er,erbium,169,168.934588
68,Er,erbium,170,169.93546
68,Er,erbium,171,170.938026
68,Er,erbium,172,171.939352
68,Er,erbium,173,172.9424
68,Er,erbium,174,173.94434
68,Er,erbium,175,174.94793
68,Er,erbium,176,175.95029
68,Er,erbium,177,176.95437
69,Tm,thulium,146,145.9665
69,Tm,thulium,147,146.96108
69,Tm,thulium,148,147.95755
69,Tm,thulium,149,148.95265
69,Tm,thulium,150,149.94967
69,Tm,thulium,151,150.94543
69,Tm,thulium,152,151.9443
69,Tm,thulium,153,152.942028
69,Tm,thulium,154,153.94142
69,Tm,thulium,155,154.939192
69,Tm,thulium,156,155.93901
69,Tm,thulium,157,156.93676
69,Tm,thulium,158,157.937
69,Tm,thulium,159,158.93481
69,Tm,thulium,160,159.93509
69,Tm,thulium,161,160.9334
69,Tm,thulium,162,161.93397
69,Tm,thulium,163,162.932648
69,Tm,thulium,164,163.933451
69,Tm,thulium,165,164.932432
69,Tm,thulium,166,165.933553
69,Tm,thulium,167,166.932849
69,Tm,thulium,168,167.93417
69,Tm,thulium,169,168.934211
69,Tm,thulium,170,169.935798
69,Tm,thulium,171,170.936426
69,Tm,thulium,172,171.938396
69,Tm,thulium,173,172.9396
69,Tm,thulium,174,173.94216
69,Tm,thulium,175,174.94383
69,Tm,thulium,176,175.94699
69,Tm,thulium,177,176.94904
69,Tm,thulium,178,177.95264
69,Tm,thulium,179,178.95534
70,Yb,ytterbium,148,147.96676
70,Yb,ytterbium,149,148.96348
70,Yb,ytterbium,150,149.95799
70,Yb,ytterbium,151,150.95525
70,Yb,ytterbium,152,151.95017
70,Yb,ytterbium,153,152.94921
70,Yb,ytterbium,154,153.94624
70,Yb,ytterbium,155,154.94579
70,Yb,ytterbium,156,155.94285
70,Yb,ytterbium,157,156.94266
70,Yb,ytterbium,158,157.939858
70,Yb,ytterbium,159,158.94015
70,Yb,ytterbium,160,159.93756
70,Yb,ytterbium,161,160.93785
70,Yb,ytterbium,162,161.93575
70,Yb,ytterbium,163,162.93627
70,Yb,ytterbium,164,163.93452
70,Yb,ytterbium,165,164.935398
70,Yb,ytterbium,166,165.93388
70,Yb,ytterbium,167,166.934947
70,Yb,ytterbium,168,167.933894
70,Yb,ytterbium,169,168.935187
70,Yb,ytterbium,170,169.934759
70,Yb,ytterbium,171,170.936322
70,Yb,ytterbium,172,171.9363777
70,Yb,ytterbium,173,172.9382068
70,Yb,ytterbium,174,173.9388581
70,Yb,ytterbium,175,174.9412725
70,Yb,ytterbium,176,175.942568
70,Yb,ytterbium,177,176.945257
70,Yb,ytterbium,178,177.946643
70,Yb,ytterbium,179,178.95017
70,Yb,ytterbium,180,179.95233
70,Yb,ytterbium,181,180.95615
71,Lu,lutetium,150,149.97267
71,Lu,lutetium,151,150.96715
71,Lu,lutetium,152,151.96361
71,Lu,lutetium,153,152.95869
71,Lu,lutetium,154,153.9571
71,Lu,lutetium,155,154.95423
71,Lu,lutetium,156,155.95291
71,Lu,lutetium,157,156.950102
71,Lu,lutetium,158,157.94917
71,Lu,lutetium,159,158.94662
71,Lu,lutetium,160,159.94602
71,Lu,lutetium,161,160.94354
71,Lu,lutetium,162,161.94322
71,Lu,lutetium,163,162.9412
71,Lu,lutetium,164,163.94122
71,Lu,lutetium,165,164.93961
71,Lu,lutetium,166,165.93976
71,Lu,lutetium,167,166.93831
71,Lu,lutetium,168,167.9387
71,Lu,lutetium,169,168.937649
71,Lu,lutetium,170,169.938472
71,Lu,lutetium,171,170.93791
71,Lu,lutetium,172,171.939082
71,Lu,lutetium,173,172.938927
71,Lu,lutetium,174,173.9403335
71,Lu,lutetium,175,174.9407679
71,Lu,lutetium,176,175.9426824
71,Lu,lutetium,177,176.943755
71,Lu,lutetium,178,177.945951
71,Lu,lutetium,179,178.947324
71,Lu,lutetium,180,179.94988
71,Lu,lutetium,181,180.95197
71,Lu,lutetium,182,181.95521
71,Lu,lutetium,183,182.95757
71,Lu,lutetium,184,183.96117
72,Hf,hafnium,154,153.96425
72,Hf,hafnium,155,154.96276
72,Hf,hafnium,156,155.95925
72,Hf,hafnium,157,156.95813
72,Hf,hafnium,158,157.95465
72,Hf,hafnium,159,158.954
72,Hf,hafnium,160,159.95071
72,Hf,hafnium,161,160.95033
72,Hf,hafnium,162,161.947203
72,Hf,hafnium,163,162.94706
72,Hf,hafnium,164,163.94442
72,Hf,hafnium,165,164.94454
72,Hf,hafnium,166,165.94225
72,Hf,hafnium,167,166.9426
72,Hf,hafnium,168,167.94063
72,Hf,hafnium,169,168.94116
72,Hf,hafnium,170,169.93965
72,Hf,hafnium,171,170.94049
72,Hf,hafnium,172,171.93946
72,Hf,hafnium,173,172.94065
72,Hf,hafnium,174,173.94004
72,Hf,hafnium,175,174.941503
72,Hf,hafnium,176,175.9414018
72,Hf,hafnium,177,176.94322
72,Hf,hafnium,178,177.9436977
72,Hf,hafnium,179,178.9458151
72,Hf,hafnium,180,179.9465488
72,Hf,hafnium,181,180.9490991
72,Hf,hafnium,182,181.950553
72,Hf,hafnium,183,182.95353
72,Hf,hafnium,184,183.95545
72,Hf,hafnium,185,184.95878
72,Hf,hafnium,186,185.96092
73,Ta,tantalum,156,155.97169
73,Ta,tantalum,157,156.96815
73,Ta,tantalum,158,157.96637
73,Ta,tantalum,159,158.96291
73,Ta,tantalum,160,159.96136
73,Ta,tantalum,161,160.95837
73,Ta,tantalum,162,161.95715
73,Ta,tantalum,163,162.95432
73,Ta,tantalum,164,163.95357
73,Ta,tantalum,165,164.95082
73,Ta,tantalum,166,165.95047
73,Ta,tantalum,167,166.94797
73,Ta,tantalum,168,167.94779
73,Ta,tantalum,169,168.94592
73,Ta,tantalum,170,169.94609
73,Ta,tantalum,171,170.94446
73,Ta,tantalum,172,171.94474
73,Ta,tantalum,173,172.94354
73,Ta,tantalum,174,173.94417
73,Ta,tantalum,175,174.94365
73,Ta,tantalum,176,175.94474
73,Ta,tantalum,177,176.944472
73,Ta,tantalum,178,177.94575
73,Ta,tantalum,179,178.945934
73,Ta,tantalum,180,179.947466
73,Ta,tantalum,181,180.947996
73,Ta,tantalum,182,181.950152
73,Ta,tantalum,183,182.951373
73,Ta,tantalum,184,183.954009
73,Ta,tantalum,185,184.955559
73,Ta,tantalum,186,185.95855
73,Ta,tantalum,187,186.96041
73,Ta,tantalum,188,187.96371
74,W,tungsten,158,157.97394
74,W,tungsten,159,158.97228
74,W,tungsten,160,159.96837
74,W,tungsten,161,160.96709
74,W,tungsten,162,161.96334
74,W,tungsten,163,162.96253
74,W,tungsten,164,163.95898
74,W,tungsten,165,164.95834
74,W,tungsten,166,165.95502
74,W,tungsten,167,166.95467
74,W,tungsten,168,167.95186
74,W,tungsten,169,168.95176
74,W,tungsten,170,169.94929
74,W,tungsten,171,170.94946
74,W,tungsten,172,171.94742
74,W,tungsten,173,172.94783
74,W,tungsten,174,173.94616
74,W,tungsten,175,174.94677
74,W,tungsten,176,175.94559
74,W,tungsten,177,176.94662
74,W,tungsten,178,177.94585
74,W,tungsten,179,178.947072
74,W,tungsten,180,179.946706
74,W,tungsten,181,180.948198
74,W,tungsten,182,181.948206
74,W,tungsten,183,182.9502245
74,W,tungsten,184,183.9509326
74,W,tungsten,185,184.9534206
74,W,tungsten,186,185.954362
74,W,tungsten,187,186.957158
74,W,tungsten,188,187.958487
74,W,tungsten,189,188.96191
74,W,tungsten,190,189.96318
75,Re,rhenium,160,159.98149
75,Re,rhenium,161,160.97766
75,Re,rhenium,162,161.97571
75,Re,rhenium,163,162.97197
75,Re,rhenium,164,163.97032
75,Re,rhenium,165,164.96705
75,Re,rhenium,166,165.9658
75,Re,rhenium,167,166.96256
75,Re,rhenium,168,167.96161
75,Re,rhenium,169,168.95883
75,Re,rhenium,170,169.95816
75,Re,rhenium,171,170.95555
75,Re,rhenium,172,171.95529
75,Re,rhenium,173,172.95306
75,Re,rhenium,174,173.95311
75,Re,rhenium,175,174.95139
75,Re,rhenium,176,175.95157
75,Re,rhenium,177,176.95027
75,Re,rhenium,178,177.95085
75,Re,rhenium,179,178.94998
75,Re,rhenium,180,179.95079
75,Re,rhenium,181,180.950065
75,Re,rhenium,182,181.95121
75,Re,rhenium,183,182.950821
75,Re,rhenium,184,183.952524
75,Re,rhenium,185,184.9529557
75,Re,rhenium,186,185.954987
75,Re,rhenium,187,186.9557508
75,Re,rhenium,188,187.9581123
75,Re,rhenium,189,188.959228
75,Re,rhenium,190,189.96182
75,Re,rhenium,191,190.963124
75,Re,rhenium,192,191.96596
76,Os,osmium,162,161.98382
76,Os,osmium,163,162.98205
76,Os,osmium,164,163.97793
76,Os,osmium,165,164.97648
76,Os,osmium,166,165.97253
76,Os,osmium,167,166.97155
76,Os,osmium,168,167.96783
76,Os,osmium,169,168.96708
76,Os,osmium,170,169.96357
76,Os,osmium,171,170.96304
76,Os,osmium,172,171.96008
76,Os,osmium,173,172.95979
76,Os,osmium,174,173.95712
76,Os,osmium,175,174.95708
76,Os,osmium,176,175.95495
76,Os,osmium,177,176.95505
76,Os,osmium,178,177.95335
76,Os,osmium,179,178.95395
76,Os,osmium,180,179.95235
76,Os,osmium,181,180.95327
76,Os,osmium,182,181.952186
76,Os,osmium,183,182.95311
76,Os,osmium,184,183.952491
76,Os,osmium,185,184.954043
76,Os,osmium,186,185.953838
76,Os,osmium,187,186.9557479
76,Os,osmium,188,187.955836
76,Os,osmium,189,188.9581449
76,Os,osmium,190,189.958445
76,Os,osmium,191,190.960928
76,Os,osmium,192,191.961479
76,Os,osmium,193,192.964148
76,Os,osmium,194,193.965179
76,Os,osmium,195,194.96812
76,Os,osmium,196,195.96962
77,Ir,iridium,165,164.98758
77,Ir,iridium,166,165.98551
77,Ir,iridium,167,166.98154
77,Ir,iridium,168,167.97997
77,Ir,iridium,169,168.97639
77,Ir,iridium,170,169.97503
77,Ir,iridium,171,170.97178
77,Ir,iridium,172,171.97064
77,Ir,iridium,173,172.96771
77,Ir,iridium,174,173.9668
77,Ir,iridium,175,174.96428
77,Ir,iridium,176,175.96351
77,Ir,iridium,177,176.96117
77,Ir,iridium,178,177.96108
77,Ir,iridium,179,178.95915
77,Ir,iridium,180,179.95925
77,Ir,iridium,181,180.95764
77,Ir,iridium,182,181.95813
77,Ir,iridium,183,182.95681
77,Ir,iridium,184,183.95739
77,Ir,iridium,185,184.95659
77,Ir,iridium,186,185.957951
77,Ir,iridium,187,186.957361
77,Ir,iridium,188,187.958852
77,Ir,iridium,189,188.958716
77,Ir,iridium,190,189.96059
77,Ir,iridium,191,190.960591
77,Ir,iridium,192,191.962602
77,Ir,iridium,193,192.962924
77,Ir,iridium,194,193.965076
77,Ir,iridium,195,194.965977
77,Ir,iridium,196,195.96838
77,Ir,iridium,197,196.969636
77,Ir,iridium,198,197.97228
77,Ir,iridium,199,198.97379
78,Pt,platinum,168,167.98804
78,Pt,platinum,169,168.98642
78,Pt,platinum,170,169.98233
78,Pt,platinum,171,170.98125
78,Pt,platinum,172,171.97738
78,Pt,platinum,173,172.9765
78,Pt,platinum,174,173.972811
78,Pt,platinum,175,174.97228
78,Pt,platinum,176,175.969
78,Pt,platinum,177,176.96845
78,Pt,platinum,178,177.96571
78,Pt,platinum,179,178.96548
78,Pt,platinum,180,179.96322
78,Pt,platinum,181,180.96318
78,Pt,platinum,182,181.96127
78,Pt,platinum,183,182.96173
78,Pt,platinum,184,183.9599
78,Pt,platinum,185,184.96075
78,Pt,platinum,186,185.95943
78,Pt,platinum,187,186.96056
78,Pt,platinum,188,187.959396
78,Pt,platinum,189,188.960832
78,Pt,platinum,190,189.95993
78,Pt,platinum,191,190.961685
78,Pt,platinum,192,191.961035
78,Pt,platinum,193,192.962985
78,Pt,platinum,194,193.962664
78,Pt,platinum,195,194.964774
78,Pt,platinum,196,195.964935
78,Pt,platinum,197,196.967323
78,Pt,platinum,198,197.967876
78,Pt,platinum,199,198.970576
78,Pt,platinum,200,199.971424
78,Pt,platinum,201,200.9745
78,Pt,platinum,202,201.97574
79,Au,gold,171,170.99177
79,Au,gold,172,171.99011
79,Au,gold,173,172.9864
79,Au,gold,174,173.98492
79,Au,gold,175,174.98155
79,Au,gold,176,175.98027
79,Au,gold,177,176.97722
79,Au,gold,178,177.97598
79,Au,gold,179,178.97341
79,Au,gold,180,179.9724
79,Au,gold,181,180.96995
79,Au,gold,182,181.96962
79,Au,gold,183,182.96762
79,Au,gold,184,183.96747
79,Au,gold,185,184.96581
79,Au,gold,186,185.966
79,Au,gold,187,186.96456
79,Au,gold,188,187.96509
79,Au,gold,189,188.96389
79,Au,gold,190,189.964699
79,Au,gold,191,190.96365
79,Au,gold,192,191.96481
79,Au,gold,193,192.964132
79,Au,gold,194,193.965339
79,Au,gold,195,194.965018
79,Au,gold,196,195.966551
79,Au,gold,197,196.966552
79,Au,gold,198,197.968225
79,Au,gold,199,198.968748
79,Au,gold,200,199.97072
79,Au,gold,201,200.971641
79,Au,gold,202,201.97379
79,Au,gold,203,202.975137
79,Au,gold,204,203.97771
79,Au,gold,205,204.97961
80,Hg,mercury,175,174.99141
80,Hg,mercury,176,175.98741
80,Hg,mercury,177,176.98634
80,Hg,mercury,178,177.982476
80,Hg,mercury,179,178.98178
80,Hg,mercury,180,179.97832
80,Hg,mercury,181,180.97781
80,Hg,mercury,182,181.97475
80,Hg,mercury,183,182.97456
80,Hg,mercury,184,183.9719
80,Hg,mercury,185,184.97198
80,Hg,mercury,186,185.96946
80,Hg,mercury,187,186.96979
80,Hg,mercury,188,187.96756
80,Hg,mercury,189,188.96813
80,Hg,mercury,190,189.96628
80,Hg,mercury,191,190.96706
80,Hg,mercury,192,191.96557
80,Hg,mercury,193,192.966644
80,Hg,mercury,194,193.965382
80,Hg,mercury,195,194.96664
80,Hg,mercury,196,195.965815
80,Hg,mercury,197,196.967195
80,Hg,mercury,198,197.966752
80,Hg,mercury,199,198.968262
80,Hg,mercury,200,199.968309
80,Hg,mercury,201,200.970285
80,Hg,mercury,202,201.970626
80,Hg,mercury,203,202.972857
80,Hg,mercury,204,203.973476
80,Hg,mercury,205,204.976056
80,Hg,mercury,206,205.977499
80,Hg,mercury,207,206.98258
80,Hg,mercury,208,207.98594
81,Tl,thallium,177,176.99688
81,Tl,thallium,178,177.99523
81,Tl,thallium,179,178.99147
81,Tl,thallium,180,179.99019
81,Tl,thallium,181,180.9869
81,Tl,thallium,182,181.98561
81,Tl,thallium,183,182.9827
81,Tl,thallium,184,183.98176
81,Tl,thallium,185,184.9791
81,Tl,thallium,186,185.97855
81,Tl,thallium,187,186.97617
81,Tl,thallium,188,187.97592
81,Tl,thallium,189,188.97369
81,Tl,thallium,190,189.97379
81,Tl,thallium,191,190.97189
81,Tl,thallium,192,191.97214
81,Tl,thallium,193,192.97055
81,Tl,thallium,194,193.97105
81,Tl,thallium,195,194.96965
81,Tl,thallium,196,195.97052
81,Tl,thallium,197,196.96954
81,Tl,thallium,198,197.97047
81,Tl,thallium,199,198.96981
81,Tl,thallium,200,199.970945
81,Tl,thallium,201,200.970804
81,Tl,thallium,202,201.972091
81,Tl,thallium,203,202.972329
81,Tl,thallium,204,203.973849
81,Tl,thallium,205,204.974412
81,Tl,thallium,206,205.976095
81,Tl,thallium,207,206.977408
81,Tl,thallium,208,207.982005
81,Tl,thallium,209,208.985349
81,Tl,thallium,210,209.990066
82,Pb,lead,181,180.99671
82,Pb,lead,182,181.992676
82,Pb,lead,183,182.99193
82,Pb,lead,184,183.9882
82,Pb,lead,185,184.98758
82,Pb,lead,186,185.9843
82,Pb,lead,187,186.98403
82,Pb,lead,188,187.98106
82,Pb,lead,189,188.98088
82,Pb,lead,190,189.97818
82,Pb,lead,191,190.9782
82,Pb,lead,192,191.97576
82,Pb,lead,193,192.97608
82,Pb,lead,194,193.97397
82,Pb,lead,195,194.97447
82,Pb,lead,196,195.97271
82,Pb,lead,197,196.97338
82,Pb,lead,198,197.97198
82,Pb,lead,199,198.97291
82,Pb,lead,200,199.971816
82,Pb,lead,201,200.97285
82,Pb,lead,202,201.972144
82,Pb,lead,203,202.973375
82,Pb,lead,204,203.973029
82,Pb,lead,205,204.974467
82,Pb,lead,206,205.974449
82,Pb,lead,207,206.975881
82,Pb,lead,208,207.976636
82,Pb,lead,209,208.981075
82,Pb,lead,210,209.984173
82,Pb,lead,211,210.988731
82,Pb,lead,212,211.9918875
82,Pb,lead,213,212.9965
82,Pb,lead,214,213.9997981
83,Bi,bismuth,185,184.99771
83,Bi,bismuth,186,185.99648
83,Bi,bismuth,187,186.99346
83,Bi,bismuth,188,187.99217
83,Bi,bismuth,189,188.98951
83,Bi,bismuth,190,189.98852
83,Bi,bismuth,191,190.98605
83,Bi,bismuth,192,191.98537
83,Bi,bismuth,193,192.98306
83,Bi,bismuth,194,193.98275
83,Bi,bismuth,195,194.98075
83,Bi,bismuth,196,195.98061
83,Bi,bismuth,197,196.97893
83,Bi,bismuth,198,197.97902
83,Bi,bismuth,199,198.97758
83,Bi,bismuth,200,199.97814
83,Bi,bismuth,201,200.97697
83,Bi,bismuth,202,201.97767
83,Bi,bismuth,203,202.976868
83,Bi,bismuth,204,203.977805
83,Bi,bismuth,205,204.977375
83,Bi,bismuth,206,205.978483
83,Bi,bismuth,207,206.978455
83,Bi,bismuth,208,207.979727
83,Bi,bismuth,209,208.980383
83,Bi,bismuth,210,209.984105
83,Bi,bismuth,211,210.987258
83,Bi,bismuth,212,211.991272
83,Bi,bismuth,213,212.994375
83,Bi,bismuth,214,213.998699
83,Bi,bismuth,215,215.00183
83,Bi,bismuth,216,216.0062
84,Po,polonium,190,189.99511
84,Po,polonium,191,190.99465
84,Po,polonium,192,191.99152
84,Po,polonium,193,192.9911
84,Po,polonium,194,193.98828
84,Po,polonium,195,194.98805
84,Po,polonium,196,195.98551
84,Po,polonium,197,196.98557
84,Po,polonium,198,197.98334
84,Po,polonium,199,198.9836
84,Po,polonium,200,199.98174
84,Po,polonium,201,200.98221
84,Po,polonium,202,201.9807
84,Po,polonium,203,202.98141
84,Po,polonium,204,203.980307
84,Po,polonium,205,204.98117
84,Po,polonium,206,205.980465
84,Po,polonium,207,206.981578
84,Po,polonium,208,207.981231
84,Po,polonium,209,208.982416
84,Po,polonium,210,209.982857
84,Po,polonium,211,210.986637
84,Po,polonium,212,211.988852
84,Po,polonium,213,212.992843
84,Po,polonium,214,213.995186
84,Po,polonium,215,214.999415
84,Po,polonium,216,216.0019052
84,Po,polonium,217,217.00625
84,Po,polonium,218,218.0089658
85,At,astatine,193,193.00019
85,At,astatine,194,193.99897
85,At,astatine,195,194.99655
85,At,astatine,196,195.9957
85,At,astatine,197,196.99329
85,At,astatine,198,197.99275
85,At,astatine,199,198.99063
85,At,astatine,200,199.99029
85,At,astatine,201,200.98849
85,At,astatine,202,201.98845
85,At,astatine,203,202.98685
85,At,astatine,204,203.98726
85,At,astatine,205,204.98604
85,At,astatine,206,205.9866
85,At,astatine,207,206.985776
85,At,astatine,208,207.986583
85,At,astatine,209,208.986159
85,At,astatine,210,209.987131
85,At,astatine,211,210.987481
85,At,astatine,212,211.990735
85,At,astatine,213,212.992921
85,At,astatine,214,213.996356
85,At,astatine,215,214.998641
85,At,astatine,216,216.002409
85,At,astatine,217,217.00471
85,At,astatine,218,218.008681
85,At,astatine,219,219.0113
85,At,astatine,220,220.0153
85,At,astatine,221,221.01814
85,At,astatine,222,222.02233
85,At,astatine,223,223.02534
86,Rn,radon,196,196.00231
86,Rn,radon,197,197.00166
86,Rn,radon,198,197.99878
86,Rn,radon,199,198.99831
86,Rn,radon,200,199.99568
86,Rn,radon,201,200.99554
86,Rn,radon,202,201.99322
86,Rn,radon,203,202.99332
86,Rn,radon,204,203.99137
86,Rn,radon,205,204.99167
86,Rn,radon,206,205.99016
86,Rn,radon,207,206.99073
86,Rn,radon,208,207.989631
86,Rn,radon,209,208.99038
86,Rn,radon,210,209.98968
86,Rn,radon,211,210.990585
86,Rn,radon,212,211.990689
86,Rn,radon,213,212.993868
86,Rn,radon,214,213.995346
86,Rn,radon,215,214.998729
86,Rn,radon,216,216.000258
86,Rn,radon,217,217.003915
86,Rn,radon,218,218.005586
86,Rn,radon,219,219.009475
86,Rn,radon,220,220.0113841
86,Rn,radon,221,221.01546
86,Rn,radon,222,222.0175705
86,Rn,radon,223,223.02179
86,Rn,radon,224,224.02409
86,Rn,radon,225,225.02844
86,Rn,radon,226,226.03089
86,Rn,radon,227,227.03541
86,Rn,radon,228,228.03808
87,Fr,francium,200,200.0065
87,Fr,francium,201,201.00399
87,Fr,francium,202,202.00329
87,Fr,francium,203,203.00105
87,Fr,francium,204,204.00059
87,Fr,francium,205,204.99866
87,Fr,francium,206,205.99849
87,Fr,francium,207,206.99686
87,Fr,francium,208,207.99713
87,Fr,francium,209,208.99592
87,Fr,francium,210,209.996398
87,Fr,francium,211,210.995529
87,Fr,francium,212,211.996195
87,Fr,francium,213,212.996175
87,Fr,francium,214,213.998955
87,Fr,francium,215,215.000326
87,Fr,francium,216,216.003188
87,Fr,francium,217,217.004616
87,Fr,francium,218,218.007563
87,Fr,francium,219,219.009241
87,Fr,francium,220,220.012313
87,Fr,francium,221,221.014246
87,Fr,francium,222,222.017544
87,Fr,francium,223,223.0197307
87,Fr,francium,224,224.02324
87,Fr,francium,225,225.025607
87,Fr,francium,226,226.02934
87,Fr,francium,227,227.03183
87,Fr,francium,228,228.03572
87,Fr,francium,229,229.03843
87,Fr,francium,230,230.04251
87,Fr,francium,231,231.04541
87,Fr,francium,232,232.04965
88,Ra,radium,203,203.00921
88,Ra,radium,204,204.00648
88,Ra,radium,205,205.00619
88,Ra,radium,206,206.00378
88,Ra,radium,207,207.00373
88,Ra,radium,208,208.00178
88,Ra,radium,209,209.00194
88,Ra,radium,210,210.00045
88,Ra,radium,211,211.00089
88,Ra,radium,212,211.999783
88,Ra,radium,213,213.00035
88,Ra,radium,214,214.000091
88,Ra,radium,215,215.002704
88,Ra,radium,216,216.003518
88,Ra,radium,217,217.006306
88,Ra,radium,218,218.007124
88,Ra,radium,219,219.010069
88,Ra,radium,220,220.011015
88,Ra,radium,221,221.013908
88,Ra,radium,222,222.015362
88,Ra,radium,223,223.018497
88,Ra,radium,224,224.020202
88,Ra,radium,225,225.023604
88,Ra,radium,226,226.0254026
88,Ra,radium,227,227.0291707
88,Ra,radium,228,228.0310641
88,Ra,radium,229,229.03482
88,Ra,radium,230,230.03708
88,Ra,radium,231,231.04122
88,Ra,radium,232,232.04369
88,Ra,radium,233,233.048
88,Ra,radium,234,234.05055
89,Ac,actinium,207,207.01209
89,Ac,actinium,208,208.01149
89,Ac,actinium,209,209.00957
89,Ac,actinium,210,210.00926
89,Ac,actinium,211,211.00765
89,Ac,actinium,212,212.00781
89,Ac,actinium,213,213.00657
89,Ac,actinium,214,214.00689
89,Ac,actinium,215,215.00645
89,Ac,actinium,216,216.008721
89,Ac,actinium,217,217.009333
89,Ac,actinium,218,218.01163
89,Ac,actinium,219,219.0124
89,Ac,actinium,220,220.01475
89,Ac,actinium,221,221.01558
89,Ac,actinium,222,222.017829
89,Ac,actinium,223,223.019126
89,Ac,actinium,224,224.021708
89,Ac,actinium,225,225.023221
89,Ac,actinium,226,226.02609
89,Ac,actinium,227,227.027747
89,Ac,actinium,228,228.0310148
89,Ac,actinium,229,229.03293
89,Ac,actinium,230,230.03603
89,Ac,actinium,231,231.03855
89,Ac,actinium,232,232.04202
89,Ac,actinium,233,233.04455
89,Ac,actinium,234,234.04842
89,Ac,actinium,235,235.0511
89,Ac,actinium,236,236.05518
90,Th,thorium,210,210.01503
90,Th,thorium,211,211.01486
90,Th,thorium,212,212.01292
90,Th,thorium,213,213.01296
90,Th,thorium,214,214.01145
90,Th,thorium,215,215.01173
90,Th,thorium,216,216.011051
90,Th,thorium,217,217.01307
90,Th,thorium,218,218.013268
90,Th,thorium,219,219.01552
90,Th,thorium,220,220.015733
90,Th,thorium,221,221.018171
90,Th,thorium,222,222.018454
90,Th,thorium,223,223.020795
90,Th,thorium,224,224.021459
90,Th,thorium,225,225.023941
90,Th,thorium,226,226.024891
90,Th,thorium,227,227.027699
90,Th,thorium,228,228.0287313
90,Th,thorium,229,229.031755
90,Th,thorium,230,230.0331266
90,Th,thorium,231,231.0362971
90,Th,thorium,232,232.0380504
90,Th,thorium,233,233.0415769
90,Th,thorium,234,234.043595
90,Th,thorium,235,235.0475
90,Th,thorium,236,236.04971
90,Th,thorium,237,237.05389
90,Th,thorium,238,238.05624
91,Pa,protactinium,213,213.02118
91,Pa,protactinium,214,214.02074
91,Pa,protactinium,215,215.0191
91,Pa,protactinium,216,216.01911
91,Pa,protactinium,217,217.01829
91,Pa,protactinium,218,218.02001
91,Pa,protactinium,219,219.01988
91,Pa,protactinium,220,220.02188
91,Pa,protactinium,221,221.02186
91,Pa,protactinium,222,222.02373
91,Pa,protactinium,223,223.02396
91,Pa,protactinium,224,224.02561
91,Pa,protactinium,225,225.02612
91,Pa,protactinium,226,226.027933
91,Pa,protactinium,227,227.028793
91,Pa,protactinium,228,228.031037
91,Pa,protactinium,229,229.032089
91,Pa,protactinium,230,230.034533
91,Pa,protactinium,231,231.0358789
91,Pa,protactinium,232,232.038582
91,Pa,protactinium,233,233.0402402
91,Pa,protactinium,234,234.043302
91,Pa,protactinium,235,235.04544
91,Pa,protactinium,236,236.04868
91,Pa,protactinium,237,237.05114
91,Pa,protactinium,238,238.0545
91,Pa,protactinium,239,239.05713
91,Pa,protactinium,240,240.06098
92,U,uranium,218,218.02349
92,U,uranium,219,219.02492
92,U,uranium,220,220.02471
92,U,uranium,221,221.02635
92,U,uranium,222,222.02607
92,U,uranium,223,223.02772
92,U,uranium,224,224.02759
92,U,uranium,225,225.02938
92,U,uranium,226,226.02934
92,U,uranium,227,227.03114
92,U,uranium,228,228.031366
92,U,uranium,229,229.033496
92,U,uranium,230,230.033927
92,U,uranium,231,231.036289
92,U,uranium,232,232.0371463
92,U,uranium,233,233.039628
92,U,uranium,234,234.0409456
92,U,uranium,235,235.0439231
92,U,uranium,236,236.0455619
92,U,uranium,237,237.048724
92,U,uranium,238,238.0507826
92,U,uranium,239,239.0542878
92,U,uranium,240,240.056586
92,U,uranium,241,241.06033
92,U,uranium,242,242.06293
93,Np,neptunium,225,225.0339
93,Np,neptunium,226,226.03513
93,Np,neptunium,227,227.03496
93,Np,neptunium,228,228.03618
93,Np,neptunium,229,229.03625
93,Np,neptunium,230,230.03781
93,Np,neptunium,231,231.03823
93,Np,neptunium,232,232.0401
93,Np,neptunium,233,233.04073
93,Np,neptunium,234,234.042889
93,Np,neptunium,235,235.0440559
93,Np,neptunium,236,236.04656
93,Np,neptunium,237,237.0481673
93,Np,neptunium,238,238.0509405
93,Np,neptunium,239,239.0529314
93,Np,neptunium,240,240.056169
93,Np,neptunium,241,241.05825
93,Np,neptunium,242,242.06164
93,Np,neptunium,243,243.06427
93,Np,neptunium,244,244.06785
94,Pu,plutonium,228,228.03873
94,Pu,plutonium,229,229.04014
94,Pu,plutonium,230,230.039646
94,Pu,plutonium,231,231.04126
94,Pu,plutonium,232,232.041179
94,Pu,plutonium,233,233.04299
94,Pu,plutonium,234,234.043305
94,Pu,plutonium,235,235.045282
94,Pu,plutonium,236,236.0460481
94,Pu,plutonium,237,237.0484038
94,Pu,plutonium,238,238.0495534
94,Pu,plutonium,239,239.0521565
94,Pu,plutonium,240,240.0538075
94,Pu,plutonium,241,241.0568453
94,Pu,plutonium,242,242.0587368
94,Pu,plutonium,243,243.061997
94,Pu,plutonium,244,244.064198
94,Pu,plutonium,245,245.067739
94,Pu,plutonium,246,246.070198
94,Pu,plutonium,247,247.07407
95,Am,americium,231,231.04556
95,Am,americium,232,232.04659
95,Am,americium,233,233.04647
95,Am,americium,234,234.04779
95,Am,americium,235,235.04803
95,Am,americium,236,236.04957
95,Am,americium,237,237.04997
95,Am,americium,238,238.05198
95,Am,americium,239,239.053018
95,Am,americium,240,240.055288
95,Am,americium,241,241.0568229
95,Am,americium,242,242.059543
95,Am,americium,243,243.0613727
95,Am,americium,244,244.0642794
95,Am,americium,245,245.066445
95,Am,americium,246,246.069768
95,Am,americium,247,247.07209
95,Am,americium,248,248.07575
95,Am,americium,249,249.07848
96,Cm,curium,233,233.0508
96,Cm,curium,234,234.05024
96,Cm,curium,235,235.05159
96,Cm,curium,236,236.05141
96,Cm,curium,237,237.05289
96,Cm,curium,238,238.05302
96,Cm,curium,239,239.05495
96,Cm,curium,240,240.055519
96,Cm,curium,241,241.0576467
96,Cm,curium,242,242.0588293
96,Cm,curium,243,243.0613822
96,Cm,curium,244,244.0627463
96,Cm,curium,245,245.0654856
96,Cm,curium,246,246.0672176
96,Cm,curium,247,247.070347
96,Cm,curium,248,248.072342
96,Cm,curium,249,249.075947
96,Cm,curium,250,250.078351
96,Cm,curium,251,251.082278
96,Cm,curium,252,252.08487
97,Bk,berkelium,235,235.05658
97,Bk,berkelium,236,236.05733
97,Bk,berkelium,237,237.05713
97,Bk,berkelium,238,238.05827
97,Bk,berkelium,239,239.05836
97,Bk,berkelium,240,240.05975
97,Bk,berkelium,241,241.06022
97,Bk,berkelium,242,242.06205
97,Bk,berkelium,243,243.063002
97,Bk,berkelium,244,244.065168
97,Bk,berkelium,245,245.0663554
97,Bk,berkelium,246,246.06867
97,Bk,berkelium,247,247.070299
97,Bk,berkelium,248,248.07308
97,Bk,berkelium,249,249.07498
97,Bk,berkelium,250,250.078311
97,Bk,berkelium,251,251.080753
97,Bk,berkelium,252,252.0843
97,Bk,berkelium,253,253.08688
97,Bk,berkelium,254,254.0906
98,Cf,californium,237,237.06207
98,Cf,californium,238,238.06141
98,Cf,californium,239,239.06258
98,Cf,californium,240,240.0623
98,Cf,californium,241,241.06372
98,Cf,californium,242,242.06369
98,Cf,californium,243,243.06542
98,Cf,californium,244,244.06599
98,Cf,californium,245,245.06804
98,Cf,californium,246,246.0687988
98,Cf,californium,247,247.070992
98,Cf,californium,248,248.072178
98,Cf,californium,249,249.074847
98,Cf,californium,250,250.0764
98,Cf,californium,251,251.07958
98,Cf,californium,252,252.08162
98,Cf,californium,253,253.085127
98,Cf,californium,254,254.087316
98,Cf,californium,255,255.09104
98,Cf,californium,256,256.09344
99,Es,einsteinium,240,240.06892
99,Es,einsteinium,241,241.06866
99,Es,einsteinium,242,242.0697
99,Es,einsteinium,243,243.06963
99,Es,einsteinium,244,244.07097
99,Es,einsteinium,245,245.07132
99,Es,einsteinium,246,246.07297
99,Es,einsteinium,247,247.07365
99,Es,einsteinium,248,248.07546
99,Es,einsteinium,249,249.07641
99,Es,einsteinium,250,250.07865
99,Es,einsteinium,251,251.079984
99,Es,einsteinium,252,252.08297
99,Es,einsteinium,253,253.084818
99,Es,einsteinium,254,254.088016
99,Es,einsteinium,255,255.090266
99,Es,einsteinium,256,256.09359
99,Es,einsteinium,257,257.09598
100,Fm,fermium,242,242.07343
100,Fm,fermium,243,243.07451
100,Fm,fermium,244,244.07408
100,Fm,fermium,245,245.07538
100,Fm,fermium,246,246.07528
100,Fm,fermium,247,247.07682
100,Fm,fermium,248,248.077184
100,Fm,fermium,249,249.07902
100,Fm,fermium,250,250.079515
100,Fm,fermium,251,251.081566
100,Fm,fermium,252,252.08246
100,Fm,fermium,253,253.085176
100,Fm,fermium,254,254.086848
100,Fm,fermium,255,255.089955
100,Fm,fermium,256,256.091767
100,Fm,fermium,257,257.095099
100,Fm,fermium,258,258.09707
100,Fm,fermium,259,259.10059
101,Md,mendelevium,245,245.08102
101,Md,mendelevium,246,246.08193
101,Md,mendelevium,247,247.0818
101,Md,mendelevium,248,248.08291
101,Md,mendelevium,249,249.083
101,Md,mendelevium,250,250.08449
101,Md,mendelevium,251,251.08492
101,Md,mendelevium,252,252.08663
101,Md,mendelevium,253,253.08728
101,Md,mendelevium,254,254.08973
101,Md,mendelevium,255,255.091075
101,Md,mendelevium,256,256.09405
101,Md,mendelevium,257,257.095535
101,Md,mendelevium,258,258.098425
101,Md,mendelevium,259,259.1005
101,Md,mendelevium,260,260.10365
102,No,nobelium,249,249.08782
102,No,nobelium,250,250.08749
102,No,nobelium,251,251.08896
102,No,nobelium,252,252.088966
102,No,nobelium,253,253.09065
102,No,nobelium,254,254.090949
102,No,nobelium,255,255.093232
102,No,nobelium,256,256.094276
102,No,nobelium,257,257.09685
102,No,nobelium,258,258.0982
102,No,nobelium,259,259.10102
102,No,nobelium,260,260.10264
102,No,nobelium,261,261.10574
102,No,nobelium,262,262.10752
103,Lr,lawrencium,251,251.09436
103,Lr,lawrencium,252,252.09533
103,Lr,lawrencium,253,253.09526
103,Lr,lawrencium,254,254.09659
103,Lr,lawrencium,255,255.09677
103,Lr,lawrencium,256,256.09876
103,Lr,lawrencium,257,257.09961
103,Lr,lawrencium,258,258.10188
103,Lr,lawrencium,259,259.10299
103,Lr,lawrencium,260,260.10557
103,Lr,lawrencium,261,261.10694
103,Lr,lawrencium,262,262.10969
103,Lr,lawrencium,263,263.11139
104,Rf,rutherfordium,253,253.10068
104,Rf,rutherfordium,254,254.10017
104,Rf,rutherfordium,255,255.10149
104,Rf,rutherfordium,256,256.10118
104,Rf,rutherfordium,257,257.10307
104,Rf,rutherfordium,258,258.10357
104,Rf,rutherfordium,259,259.10563
104,Rf,rutherfordium,260,260.10643
104,Rf,rutherfordium,261,261.10875
104,Rf,rutherfordium,262,262.10992
104,Rf,rutherfordium,263,263.11254
104,Rf,rutherfordium,264,264.11398
105,Db,dubnium,255,255.1074
105,Db,dubnium,256,256.10811
105,Db,dubnium,257,257.10786
105,Db,dubnium,258,258.10944
105,Db,dubnium,259,259.10972
105,Db,dubnium,260,260.11143
105,Db,dubnium,261,261.11211
105,Db,dubnium,262,262.11415
105,Db,dubnium,263,263.11508
105,Db,dubnium,264,264.11747
105,Db,dubnium,265,265.11866
106,Sg,seaborgium,258,258.11315
106,Sg,seaborgium,259,259.11465
106,Sg,seaborgium,260,260.11444
106,Sg,seaborgium,261,261.1162
106,Sg,seaborgium,262,262.11648
106,Sg,seaborgium,263,263.11831
106,Sg,seaborgium,264,264.11892
106,Sg,seaborgium,265,265.12107
106,Sg,seaborgium,266,266.12193
107,Bh,bohrium,260,260.1218
107,Bh,bohrium,261,261.1218
107,Bh,bohrium,262,262.12301
107,Bh,bohrium,263,263.12315
107,Bh,bohrium,264,264.12473
107,Bh,bohrium,265,265.1252
107,Bh,bohrium,266,266.12701
107,Bh,bohrium,267,267.12774
