1,H,Hydrogen,1,1.007825,,,,,,
1,H,Hydrogen,2,2.014102,,,,,,
1,H,Hydrogen,3,3.016049,,,,,,
2,He,Helium,3,3.016029,,,,,,
2,He,Helium,4,4.002603,,,,,,
3,Li,Lithium,6,6.015121,,,,,,
3,Li,Lithium,7,7.016003,,,,,,
3,Li,Lithium,8,8.022486,,,,,,
4,Be,Beryllium,7,7.016928,,,,,,
4,Be,Beryllium,8,8.005305,,,,,,
4,Be,Beryllium,9,9.012182,,,,,,
4,Be,Beryllium,10,10.013534,,,,,,
4,Be,Beryllium,11,11.021658,,,,,,
5,B,Boron,8,8.024606,,,,,,
5,B,Boron,9,9.013329,,,,,,
5,B,Boron,10,10.012937,,,,,,
5,B,Boron,11,11.009305,,,,,,
5,B,Boron,12,12.014353,,,,,,
5,B,Boron,13,13.01778,,,,,,
6,C,Carbon,9,9.031039,,,,,,
6,C,Carbon,10,10.016856,,,,,,
6,C,Carbon,11,11.011433,,,,,,
6,C,Carbon,12,12,,,,,,
6,C,Carbon,13,13.003355,,,,,,
6,C,Carbon,14,14.003242,,,,,,
6,C,Carbon,15,15.010599,,,,,,
7,N,Nitrogen,12,12.018613,,,,,,
7,N,Nitrogen,13,13.005739,,,,,,
7,N,Nitrogen,14,14.003074,,,,,,
7,N,Nitrogen,15,15.000109,,,,,,
7,N,Nitrogen,16,16.0061,,,,,,
7,N,Nitrogen,17,17.00845,,,,,,
7,N,Nitrogen,18,18.014081,,,,,,
8,O,Oxygen,14,14.008595,,,,,,
8,O,Oxygen,15,15.003065,,,,,,
8,O,Oxygen,16,15.994915,,,,,,
8,O,Oxygen,17,16.999131,,,,,,
8,O,Oxygen,18,17.99916,,,,,,
8,O,Oxygen,19,19.003577,,,,,,
8,O,Oxygen,20,20.004076,,,,,,
9,F,Fluorine,17,17.002095,,,,,,
9,F,Fluorine,18,18.000937,,,,,,
9,F,Fluorine,19,18.998403,,,,,,
9,F,Fluorine,20,19.999981,,,,,,
9,F,Fluorine,21,20.999948,,,,,,
9,F,Fluorine,22,22.00303,,,,,,
9,F,Fluorine,23,23.0036,,,,,,
10,Ne,Neon,17,17.01769,,,,,,
10,Ne,Neon,18,18.00571,,,,,,
10,Ne,Neon,19,19.00188,,,,,,
10,Ne,Neon,20,19.992436,,,,,,
10,Ne,Neon,21,20.993843,,,,,,
10,Ne,Neon,22,21.991383,,,,,,
10,Ne,Neon,23,22.994465,,,,,,
10,Ne,Neon,24,23.993613,,,,,,
10,Ne,Neon,25,24.99769,,,,,,
11,Na,Sodium,20,20.007344,,,,,,
11,Na,Sodium,21,20.997651,,,,,,
11,Na,Sodium,22,21.994434,,,,,,
11,Na,Sodium,23,22.989768,,,,,,
11,Na,Sodium,24,23.990961,,,,,,
11,Na,Sodium,25,24.989953,,,,,,
11,Na,Sodium,26,25.992586,,,,,,
11,Na,Sodium,27,26.99394,,,,,,
12,Mg,Magnesium,21,21.011716,,,,,,
12,Mg,Magnesium,22,21.999574,,,,,,
12,Mg,Magnesium,23,22.994124,,,,,,
12,Mg,Magnesium,24,23.985042,,,,,,
12,Mg,Magnesium,25,24.985837,,,,,,
12,Mg,Magnesium,26,25.982594,,,,,,
12,Mg,Magnesium,27,26.984341,,,,,,
12,Mg,Magnesium,28,27.983877,,,,,,
12,Mg,Magnesium,29,28.98848,,,,,,
13,Al,Aluminium,24,23.999941,,,,,,
13,Al,Aluminium,25,24.990429,,,,,,
13,Al,Aluminium,26,25.986892,,,,,,
13,Al,Aluminium,27,26.981539,,,,,,
13,Al,Aluminium,28,27.98191,,,,,,
13,Al,Aluminium,29,28.980446,,,,,,
13,Al,Aluminium,30,29.98294,,,,,,
14,Si,Silicon,26,25.99233,,,,,,
14,Si,Silicon,27,26.986704,,,,,,
14,Si,Silicon,28,27.976927,,,,,,
14,Si,Silicon,29,28.976495,,,,,,
14,Si,Silicon,30,29.97377,,,,,,
14,Si,Silicon,31,30.975362,,,,,,
14,Si,Silicon,32,31.974148,,,,,,
14,Si,Silicon,33,32.99792,,,,,,
15,P,Phosphorus,29,28.981803,,,,,,
15,P,Phosphorus,30,29.978307,,,,,,
15,P,Phosphorus,31,30.973762,,,,,,
15,P,Phosphorus,32,31.973907,,,,,,
15,P,Phosphorus,33,32.971725,,,,,,
15,P,Phosphorus,34,33.973636,,,,,,
16,Si,Sulphur,30,29.984903,,,,,,
16,Si,Sulphur,31,30.979554,,,,,,
16,Si,Sulphur,32,31.972071,,,,,,
16,Si,Sulphur,33,32.971458,,,,,,
16,Si,Sulphur,34,33.967867,,,,,,
16,Si,Sulphur,35,34.969032,,,,,,
16,Si,Sulphur,36,35.967081,,,,,,
16,Si,Sulphur,37,36.971126,,,,,,
16,Si,Sulphur,38,37.971162,,,,,,
17,Cl,Chlorine,33,32.977452,,,,,,
17,Cl,Chlorine,34,33.973763,,,,,,
17,Cl,Chlorine,35,34.968853,,,,,,
17,Cl,Chlorine,36,35.968307,,,,,,
17,Cl,Chlorine,37,36.965903,,,,,,
17,Cl,Chlorine,38,37.968011,,,,,,
17,Cl,Chlorine,39,38.968005,,,,,,
17,Cl,Chlorine,40,39.97044,,,,,,
17,Cl,Chlorine,41,40.97059,,,,,,
18,Ar,Argon,34,33.980269,,,,,,
18,Ar,Argon,35,34.975256,,,,,,
18,Ar,Argon,36,35.967546,,,,,,
18,Ar,Argon,37,36.966776,,,,,,
18,Ar,Argon,38,37.962732,,,,,,
18,Ar,Argon,39,38.964314,,,,,,
18,Ar,Argon,40,39.962384,,,,,,
18,Ar,Argon,41,40.964501,,,,,,
18,Ar,Argon,42,41.96035,,,,,,
18,Ar,Argon,43,42.96567,,,,,,
18,Ar,Argon,44,43.465365,,,,,,
19,K,Potassium,37,36.973377,,,,,,
19,K,Potassium,38,37.96908,,,,,,
19,K,Potassium,39,38.963707,,,,,,
19,K,Potassium,40,39.963999,,,,,,
19,K,Potassium,41,40.961825,,,,,,
19,K,Potassium,42,41.962402,,,,,,
19,K,Potassium,43,42.960717,,,,,,
19,K,Potassium,44,43.96156,,,,,,
19,K,Potassium,45,44.960696,,,,,,
19,K,Potassium,46,45.961976,,,,,,
19,K,Potassium,47,46.961677,,,,,,
20,Ca,Calcium,38,37.976318,,,,,,
20,Ca,Calcium,39,38.970718,,,,,,
20,Ca,Calcium,40,39.962591,,,,,,
20,Ca,Calcium,41,40.962278,,,,,,
20,Ca,Calcium,42,41.958618,,,,,,
20,Ca,Calcium,43,42.958766,,,,,,
20,Ca,Calcium,44,43.955481,,,,,,
20,Ca,Calcium,45,44.956185,,,,,,
20,Ca,Calcium,46,45.953689,,,,,,
20,Ca,Calcium,47,46.954543,,,,,,
20,Ca,Calcium,48,47.952533,,,,,,
20,Ca,Calcium,49,47.955672,,,,,,
20,Ca,Calcium,50,49.957519,,,,,,
21,Sc,Scandium,42,41.965514,,,,,,
21,Sc,Scandium,43,42.96115,,,,,,
21,Sc,Scandium,44,43.959404,,,,,,
21,Sc,Scandium,45,44.95591,,,,,,
21,Sc,Scandium,46,45.95517,,,,,,
21,Sc,Scandium,47,46.952409,,,,,,
21,Sc,Scandium,48,47.952235,,,,,,
21,Sc,Scandium,49,48.950022,,,,,,
21,Sc,Scandium,50,49.952186,,,,,,
22,Ti,Titanium,43,42.968523,,,,,,
22,Ti,Titanium,44,43.95969,,,,,,
22,Ti,Titanium,45,44.958124,,,,,,
22,Ti,Titanium,46,45.952629,,,,,,
22,Ti,Titanium,47,46.951764,,,,,,
22,Ti,Titanium,48,47.947947,,,,,,
22,Ti,Titanium,49,48.947871,,,,,,
22,Ti,Titanium,50,49.944792,,,,,,
22,Ti,Titanium,51,50.946616,,,,,,
22,Ti,Titanium,52,51.946898,,,,,,
22,Ti,Titanium,53,52.94973,,,,,,
23,V,Vanadium,46,45.960198,,,,,,
23,V,Vanadium,47,46.954906,,,,,,
23,V,Vanadium,48,47.952257,,,,,,
23,V,Vanadium,49,48.948517 ,,,,,,
23,V,Vanadium,50,49.947161,,,,,,
23,V,Vanadium,51,50.943962,,,,,,
23,V,Vanadium,52,51.944778,,,,,,
23,V,Vanadium,53,52.94434,,,,,,
23,V,Vanadium,54,53.946442,,,,,,
24,Cr,Chromium,46,45.96836,,,,,,
24,Cr,Chromium,47,46.962905,,,,,,
24,Cr,Chromium,48,47.954033,,,,,,
24,Cr,Chromium,49,48.951338,,,,,,
24,Cr,Chromium,50,49.946046,,,,,,
24,Cr,Chromium,51,50.944768,,,,,,
24,Cr,Chromium,52,51.94051,,,,,,
24,Cr,Chromium,53,52.940651,,,,,,
24,Cr,Chromium,54,53.938882,,,,,,
24,Cr,Chromium,55,54.940842,,,,,,
24,Cr,Chromium,56,55.940643,,,,,,
25,Mn,Manganese,50,49.95424,,,,,,
25,Mn,Manganese,51,50.948213,,,,,,
25,Mn,Manganese,52,51.945568,,,,,,
25,Mn,Manganese,53,52.941291,,,,,,
25,Mn,Manganese,54,53.940361,,,,,,
25,Mn,Manganese,55,54.938047,,,,,,
25,Mn,Manganese,56,55.938907,,,,,,
25,Mn,Manganese,57,56.938285,,,,,,
25,Mn,Manganese,58,57.94006,,,,,,
26,Fe,Iron,51,50.956825,,,,,,
26,Fe,Iron,52,51.948114,,,,,,
26,Fe,Iron,53,52.94531,,,,,,
26,Fe,Iron,54,53.939613,,,,,,
26,Fe,Iron,55,54.938296,,,,,,
26,Fe,Iron,56,55.934939,,,,,,
26,Fe,Iron,57,56.935396,,,,,,
26,Fe,Iron,58,57.933277,,,,,,
26,Fe,Iron,59,58.934877,,,,,,
26,Fe,Iron,60,59.934078,,,,,,
26,Fe,Iron,61,60.936748,,,,,,
26,Fe,Iron,62,61.936773,,,,,,
27,Co,Cobalt,54,53.94846,,,,,,
27,Co,Cobalt,55,54.942001,,,,,,
27,Co,Cobalt,56,55.939841,,,,,,
27,Co,Cobalt,57,56.936294,,,,,,
27,Co,Cobalt,58,57.935755,,,,,,
27,Co,Cobalt,59,58.933198,,,,,,
27,Co,Cobalt,60,59.93382,,,,,,
27,Co,Cobalt,61,60.932478,,,,,,
27,Co,Cobalt,62,61.93406,,,,,,
27,Co,Cobalt,63,62.933614,,,,,,
28,Ni,Nickel,55,54.951336,,,,,,
28,Ni,Nickel,56,55.942134,,,,,,
28,Ni,Nickel,57,56.939799,,,,,,
28,Ni,Nickel,58,57.935346,,,,,,
28,Ni,Nickel,59,58.934349,,,,,,
28,Ni,Nickel,60,59.930788,,,,,,
28,Ni,Nickel,61,60.931058,,,,,,
28,Ni,Nickel,62,61.928346,,,,,,
28,Ni,Nickel,63,62.92967,,,,,,
28,Ni,Nickel,64,63.927968,,,,,,
28,Ni,Nickel,65,64.930086,,,,,,
28,Ni,Nickel,66,65.929116,,,,,,
28,Ni,Nickel,67,66.93157,,,,,,
29,Cu,Copper,59,58.939503,,,,,,
29,Cu,Copper,60,59.937366,,,,,,
29,Cu,Copper,61,60.933461,,,,,,
29,Cu,Copper,62,61.932586,,,,,,
29,Cu,Copper,63,62.929599,,,,,,
29,Cu,Copper,64,63.292766,,,,,,
29,Cu,Copper,65,64.927793,,,,,,
29,Cu,Copper,66,65.928872,,,,,,
29,Cu,Copper,67,66.927747,,,,,,
29,Cu,Copper,68,67.92962,,,,,,
30,Zn,Zinc,61,60.939514,,,,,,
30,Zn,Zinc,62,61.934332,,,,,,
30,Zn,Zinc,63,62.933214,,,,,,
30,Zn,Zinc,64,63.929145,,,,,,
30,Zn,Zinc,65,64.929243,,,,,,
30,Zn,Zinc,66,65.926035,,,,,,
30,Zn,Zinc,67,66.927129,,,,,,
30,Zn,Zinc,68,67.924846,,,,,,
30,Zn,Zinc,69,68.926552,,,,,,
30,Zn,Zinc,70,69.925325,,,,,,
30,Zn,Zinc,71,70.927727,,,,,,
30,Zn,Zinc,72,71.926856,,,,,,
30,Zn,Zinc,73,72.92978,,,,,,
31,Ga,Gallium,64,63.936836,,,,,,
31,Ga,Gallium,65,64.932738,,,,,,
31,Ga,Gallium,66,65.93159,,,,,,
31,Ga,Gallium,67,66.928204,,,,,,
31,Ga,Gallium,68,67.927982,,,,,,
31,Ga,Gallium,69,68.92558,,,,,,
31,Ga,Gallium,70,69.926028,,,,,,
31,Ga,Gallium,71,70.924701,,,,,,
31,Ga,Gallium,72,71.926365,,,,,,
31,Ga,Gallium,73,72.925169,,,,,,
31,Ga,Gallium,74,73.92694,,,,,,
31,Ga,Gallium,75,74.926499,,,,,,
32,Ge,Germanium,66,65.933847,,,,,,
32,Ge,Germanium,67,66.932737,,,,,,
32,Ge,Germanium,68,67.928096,,,,,,
32,Ge,Germanium,69,68.927969,,,,,,
32,Ge,Germanium,70,69.92425,,,,,,
32,Ge,Germanium,71,70.924954,,,,,,
32,Ge,Germanium,72,71.922079,,,,,,
32,Ge,Germanium,73,72.923463,,,,,,
32,Ge,Germanium,74,73.921177,,,,,,
32,Ge,Germanium,75,74.922858,,,,,,
32,Ge,Germanium,76,75.921402,,,,,,
32,Ge,Germanium,77,76.923548,,,,,,
32,Ge,Germanium,78,77.922853,,,,,,
32,Ge,Germanium,79,78.92536,,,,,,
33,As,Arsenic,70,69.930929,,,,,,
33,As,Arsenic,71,70.927114,,,,,,
33,As,Arsenic,72,71.926755,,,,,,
33,As,Arsenic,73,72.923827,,,,,,
33,As,Arsenic,74,73.923928,,,,,,
33,As,Arsenic,75,74.921594,,,,,,
33,As,Arsenic,76,75.922393,,,,,,
33,As,Arsenic,77,76.920646,,,,,,
33,As,Arsenic,78,77.92183,,,,,,
33,As,Arsenic,79,78.920946,,,,,,
34,Se,Selenium,71,70.93227,,,,,,
34,Se,Selenium,72,71.92711,,,,,,
34,Se,Selenium,73,72.926768,,,,,,
34,Se,Selenium,74,73.922475,,,,,,
34,Se,Selenium,75,74.922522,,,,,,
34,Se,Selenium,76,75.919212,,,,,,
34,Se,Selenium,77,76.919913,,,,,,
34,Se,Selenium,78,77.917308,,,,,,
34,Se,Selenium,79,78.918498,,,,,,
34,Se,Selenium,80,79.91652,,,,,,
34,Se,Selenium,81,80.917991,,,,,,
34,Se,Selenium,82,81.916698,,,,,,
34,Se,Selenium,83,82.919117,,,,,,
34,Se,Selenium,84,83.918463,,,,,,
35,Br,Bromine,76,75.924528,,,,,,
35,Br,Bromine,77,76.921378,,,,,,
35,Br,Bromine,78,77.921144,,,,,,
35,Br,Bromine,79,78.918336,,,,,,
35,Br,Bromine,80,79.918528,,,,,,
35,Br,Bromine,81,80.916289,,,,,,
35,Br,Bromine,82,81.916802,,,,,,
35,Br,Bromine,83,82.915179,,,,,,
35,Br,Bromine,84,83.916503,,,,,,
35,Br,Bromine,85,84.915612,,,,,,
36,Kr,Krypton,75,74.931029,,,,,,
36,Kr,Krypton,76,75.925959,,,,,,
36,Kr,Krypton,77,76.92461,,,,,,
36,Kr,Krypton,78,77.920396,,,,,,
36,Kr,Krypton,79,78.920084,,,,,,
36,Kr,Krypton,80,79.91638,,,,,,
36,Kr,Krypton,81,80.91659,,,,,,
36,Kr,Krypton,82,81.913482,,,,,,
36,Kr,Krypton,83,82.914135,,,,,,
36,Kr,Krypton,84,83.911507,,,,,,
36,Kr,Krypton,85,84.912531,,,,,,
36,Kr,Krypton,86,85.910616,,,,,,
36,Kr,Krypton,87,86.91336,,,,,,
36,Kr,Krypton,88,87.914453,,,,,,
36,Kr,Krypton,89,88.91764,,,,,,
37,Rb,Rubidium,82,81.918195,,,,,,
37,Rb,Rubidium,83,82.915144,,,,,,
37,Rb,Rubidium,84,83.91439,,,,,,
37,Rb,Rubidium,85,84.911794,,,,,,
37,Rb,Rubidium,86,85.911172,,,,,,
37,Rb,Rubidium,87,86.909187,,,,,,
37,Rb,Rubidium,88,87.911326,,,,,,
37,Rb,Rubidium,89,88.912278,,,,,,
37,Rb,Rubidium,90,89.914811,,,,,,
38,Sr,Strontium,81,80.92327,,,,,,
38,Sr,Strontium,82,81.918414,,,,,,
38,Sr,Strontium,83,82.917566,,,,,,
38,Sr,Strontium,84,83.91343,,,,,,
38,Sr,Strontium,85,84.912937,,,,,,
38,Sr,Strontium,86,85.909267,,,,,,
38,Sr,Strontium,87,86.908884,,,,,,
38,Sr,Strontium,88,87.905619,,,,,,
38,Sr,Strontium,89,88.90745,,,,,,
38,Sr,Strontium,90,89.907738,,,,,,
38,Sr,Strontium,91,90.910187,,,,,,
38,Sr,Strontium,92,91.910944,,,,,,
38,Sr,Strontium,93,92.913987,,,,,,
39,Y,Yttrium,84,83.92031,,,,,,
39,Y,Yttrium,85,84.916437,,,,,,
39,Y,Yttrium,86,85.914893,,,,,,
39,Y,Yttrium,87,86.910882,,,,,,
39,Y,Yttrium,88,87.909508,,,,,,
39,Y,Yttrium,89,88.905849,,,,,,
39,Y,Yttrium,90,89.907152,,,,,,
39,Y,Yttrium,91,90.907303,,,,,,
39,Y,Yttrium,92,91.908917,,,,,,
39,Y,Yttrium,93,92.909571,,,,,,
39,Y,Yttrium,94,93.911597,,,,,,
40,Zr,Zirconium,87,86.914817,,,,,,
40,Zr,Zirconium,88,87.910225,,,,,,
40,Zr,Zirconium,89,88.90889,,,,,,
40,Zr,Zirconium,90,89.904703,,,,,,
40,Zr,Zirconium,91,90.905644,,,,,,
40,Zr,Zirconium,92,91.905039,,,,,,
40,Zr,Zirconium,93,92.906474,,,,,,
40,Zr,Zirconium,94,93.906315,,,,,,
40,Zr,Zirconium,95,94.908042,,,,,,
40,Zr,Zirconium,96,95.908275,,,,,,
40,Zr,Zirconium,97,96.91095,,,,,,
40,Zr,Zirconium,98,97.912735,,,,,,
41,Nb,Niobium,89,88.913449,,,,,,
41,Nb,Niobium,90,89.911263,,,,,,
41,Nb,Niobium,91,90.906991,,,,,,
41,Nb,Niobium,92,91.907192,,,,,,
41,Nb,Niobium,93,92.906377,,,,,,
41,Nb,Niobium,94,93.907281,,,,,,
41,Nb,Niobium,95,94.906835,,,,,,
41,Nb,Niobium,96,95.9081,,,,,,
41,Nb,Niobium,97,96.908097,,,,,,
42,Mo,Molybdenum,90,89.913933,,,,,,
42,Mo,Molybdenum,91,90.911755,,,,,,
42,Mo,Molybdenum,92,91.906808,,,,,,
42,Mo,Molybdenum,93,92.906813,,,,,,
42,Mo,Molybdenum,94,93.905085,,,,,,
42,Mo,Molybdenum,95,94.905841,,,,,,
42,Mo,Molybdenum,96,95.904679,,,,,,
42,Mo,Molybdenum,97,96.906021,,,,,,
42,Mo,Molybdenum,98,97.905407,,,,,,
42,Mo,Molybdenum,99,98.907711,,,,,,
42,Mo,Molybdenum,100,99.907477,,,,,,
42,Mo,Molybdenum,101,100.910345,,,,,,
43,Tc,Technetium,94,93.909654,,,,,,
43,Tc,Technetium,95,94.907657,,,,,,
43,Tc,Technetium,96,95.90787,,,,,,
43,Tc,Technetium,97,96.906364,,,,,,
43,Tc,Technetium,98,97.907215,,,,,,
43,Tc,Technetium,99,98.906254,,,,,,
43,Tc,Technetium,100,99.907657,,,,,,
44,Ru,Ruthenium,94,93.911361,,,,,,
44,Ru,Ruthenium,95,94.910414,,,,,,
44,Ru,Ruthenium,96,95.907599,,,,,,
44,Ru,Ruthenium,97,96.907556,,,,,,
44,Ru,Ruthenium,98,97.905287,,,,,,
44,Ru,Ruthenium,99,98.905939,,,,,,
44,Ru,Ruthenium,100,99.904219,,,,,,
44,Ru,Ruthenium,101,100.905582,,,,,,
44,Ru,Ruthenium,102,101.904348,,,,,,
44,Ru,Ruthenium,103,102.906323,,,,,,
44,Ru,Ruthenium,104,103.905424,,,,,,
44,Ru,Ruthenium,105,104.907744,,,,,,
44,Ru,Ruthenium,106,105.907321,,,,,,
44,Ru,Ruthenium,107,106.91013,,,,,,
45,Rh,Rhodium,98,97.910716,,,,,,
45,Rh,Rhodium,99,98.908192,,,,,,
45,Rh,Rhodium,100,99.908116,,,,,,
45,Rh,Rhodium,101,100.906159,,,,,,
45,Rh,Rhodium,102,101.906814,,,,,,
45,Rh,Rhodium,103,102.9055,,,,,,
45,Rh,Rhodium,104,103.906651,,,,,,
45,Rh,Rhodium,105,104.905686,,,,,,
45,Rh,Rhodium,106,105.907279,,,,,,
46,Pd,Palladium,99,98.911763,,,,,,
46,Pd,Palladium,100,99.908527,,,,,,
46,Pd,Palladium,101,100.908287,,,,,,
46,Pd,Palladium,102,101.905634,,,,,,
46,Pd,Palladium,103,102.906114,,,,,,
46,Pd,Palladium,104,103.904029,,,,,,
46,Pd,Palladium,105,104.905079,,,,,,
46,Pd,Palladium,106,105.903478,,,,,,
46,Pd,Palladium,107,106.905127,,,,,,
46,Pd,Palladium,108,107.903895,,,,,,
46,Pd,Palladium,109,108.905954,,,,,,
46,Pd,Palladium,110,109.905167,,,,,,
46,Pd,Palladium,111,110.90766,,,,,,
46,Pd,Palladium,112,111.907323,,,,,,
47,Ag,Silver,103,102.90898,,,,,,
47,Ag,Silver,104,103.908623,,,,,,
47,Ag,Silver,105,104.90652,,,,,,
47,Ag,Silver,106,105.906662,,,,,,
47,Ag,Silver,107,106.905092,,,,,,
47,Ag,Silver,108,107.905052,,,,,,
47,Ag,Silver,109,108.904756,,,,,,
47,Ag,Silver,110,109.906111,,,,,,
47,Ag,Silver,111,110.905295,,,,,,
47,Ag,Silver,112,111.90701,,,,,,
48,Cd,Cadmium,104,103.909851,,,,,,
48,Cd,Cadmium,105,104.909459,,,,,,
48,Cd,Cadmium,106,105.906461,,,,,,
48,Cd,Cadmium,107,106.906613,,,,,,
48,Cd,Cadmium,108,107.904176,,,,,,
48,Cd,Cadmium,109,108.904953,,,,,,
48,Cd,Cadmium,110,109.903005,,,,,,
48,Cd,Cadmium,111,110.904182,,,,,,
48,Cd,Cadmium,112,111.902757,,,,,,
48,Cd,Cadmium,113,112.9044,,,,,,
48,Cd,Cadmium,114,113.903357,,,,,,
48,Cd,Cadmium,115,114.90543,,,,,,
48,Cd,Cadmium,116,115.904755,,,,,,
48,Cd,Cadmium,117,116.907228,,,,,,
48,Cd,Cadmium,118,117.9117,,,,,,
49,In,Indium,110,109.90723,,,,,,
49,In,Indium,111,110.905109,,,,,,
49,In,Indium,112,111.905536,,,,,,
49,In,Indium,113,112.904061,,,,,,
49,In,Indium,114,113.904916,,,,,,
49,In,Indium,115,114.903882,,,,,,
49,In,Indium,116,115.905264,,,,,,
49,In,Indium,117,116.904517,,,,,,
50,Sn,Tin,109,108.911294,,,,,,
50,Sn,Tin,110,109.907858,,,,,,
50,Sn,Tin,111,110.907741,,,,,,
50,Sn,Tin,112,111.904826,,,,,,
50,Sn,Tin,113,112.905176,,,,,,
50,Sn,Tin,114,113.902784,,,,,,
50,Sn,Tin,115,114.903348,,,,,,
50,Sn,Tin,116,115.901747,,,,,,
50,Sn,Tin,117,116.902956,,,,,,
50,Sn,Tin,118,117.901609,,,,,,
50,Sn,Tin,119,118.903311,,,,,,
50,Sn,Tin,120,119.902199,,,,,,
50,Sn,Tin,121,120.904239,,,,,,
50,Sn,Tin,122,121.90344,,,,,,
50,Sn,Tin,123,122.905722,,,,,,
50,Sn,Tin,124,123.905274,,,,,,
50,Sn,Tin,125,124.907785,,,,,,
50,Sn,Tin,126,125.907654,,,,,,
50,Sn,Tin,127,126.910355,,,,,,
51,Sb,Antimony,118,117.905534,,,,,,
51,Sb,Antimony,119,118.903948,,,,,,
51,Sb,Antimony,120,119.905077,,,,,,
51,Sb,Antimony,121,120.903821,,,,,,
51,Sb,Antimony,122,121.905179,,,,,,
51,Sb,Antimony,123,122.904216,,,,,,
51,Sb,Antimony,124,123.905938,,,,,,
51,Sb,Antimony,125,124.905252,,,,,,
51,Sb,Antimony,126,125.90725,,,,,,
51,Sb,Antimony,127,126.906919,,,,,,
52,Te,Tellurium,117,116.90863,,,,,,
52,Te,Tellurium,118,117.905908,,,,,,
52,Te,Tellurium,119,118.906411,,,,,,
52,Te,Tellurium,120,119.904048,,,,,,
52,Te,Tellurium,121,120.904947,,,,,,
52,Te,Tellurium,122,121.90305,,,,,,
52,Te,Tellurium,123,122.904271,,,,,,
52,Te,Tellurium,124,123.902818,,,,,,
52,Te,Tellurium,125,124.904429,,,,,,
52,Te,Tellurium,126,125.90331,,,,,,
52,Te,Tellurium,127,126.905221,,,,,,
52,Te,Tellurium,128,127.904463,,,,,,
52,Te,Tellurium,129,128.906594,,,,,,
52,Te,Tellurium,130,129.906229,,,,,,
52,Te,Tellurium,131,130.908528,,,,,,
52,Te,Tellurium,132,131.908517,,,,,,
52,Te,Tellurium,133,132.91091,,,,,,
53,I,Iodine,123,122.905594,,,,,,
53,I,Iodine,124,123.906207,,,,,,
53,I,Iodine,125,124.50462,,,,,,
53,I,Iodine,126,125.905624,,,,,,
53,I,Iodine,127,126.904473,,,,,,
53,I,Iodine,128,127.90581,,,,,,
53,I,Iodine,129,128.904986,,,,,,
53,I,Iodine,130,129.906713,,,,,,
53,I,Iodine,131,130.906114,,,,,,
53,I,Iodine,132,131.907987,,,,,,
54,Xe,Xenon,121,120.91145,,,,,,
54,Xe,Xenon,122,121.90817,,,,,,
54,Xe,Xenon,123,122.908469,,,,,,
54,Xe,Xenon,124,123.905894,,,,,,
54,Xe,Xenon,125,124.906397,,,,,,
54,Xe,Xenon,126,125.904281,,,,,,
54,Xe,Xenon,127,126.905182,,,,,,
54,Xe,Xenon,128,127.903531,,,,,,
54,Xe,Xenon,129,128.90478,,,,,,
54,Xe,Xenon,130,129.903509,,,,,,
54,Xe,Xenon,131,130.905072,,,,,,
54,Xe,Xenon,132,131.904144,,,,,,
54,Xe,Xenon,133,132.905888,,,,,,
54,Xe,Xenon,134,133.905395,,,,,,
54,Xe,Xenon,135,134.90713,,,,,,
54,Xe,Xenon,136,135.907214,,,,,,
54,Xe,Xenon,137,136.911557,,,,,,
55,Cs,Caesium,130,129.906753,,,,,,
55,Cs,Caesium,131,130.905444,,,,,,
55,Cs,Caesium,132,131.906431,,,,,,
55,Cs,Caesium,133,132.905429,,,,,,
55,Cs,Caesium,134,133.906696,,,,,,
55,Cs,Caesium,135,134.905885,,,,,,
55,Cs,Caesium,136,135.907289,,,,,,
55,Cs,Caesium,137,136.907073,,,,,,
55,Cs,Caesium,138,137.911004,,,,,,
56,Ba,Barium,127,126.91113,,,,,,
56,Ba,Barium,128,127.908237,,,,,,
56,Ba,Barium,129,128.908642,,,,,,
56,Ba,Barium,130,129.906282,,,,,,
56,Ba,Barium,131,130.906902,,,,,,
56,Ba,Barium,132,131.905042,,,,,,
56,Ba,Barium,133,132.905988,,,,,,
56,Ba,Barium,134,133.904486,,,,,,
56,Ba,Barium,135,134.905665,,,,,,
56,Ba,Barium,136,135.904553,,,,,,
56,Ba,Barium,137,136.905812,,,,,,
56,Ba,Barium,138,137.905232,,,,,,
56,Ba,Barium,139,138.908826,,,,,,
56,Ba,Barium,140,139.910581,,,,,,
56,Ba,Barium,141,140.914363,,,,,,
57,La,Lanthanum,135,134.906953,,,,,,
57,La,Lanthanum,136,135.90763,,,,,,
57,La,Lanthanum,137,136.90646,,,,,,
57,La,Lanthanum,138,137.907105,,,,,,
57,La,Lanthanum,139,138.906347,,,,,,
57,La,Lanthanum,140,139.909471,,,,,,
57,La,Lanthanum,141,140.910896,,,,,,
57,La,Lanthanum,142,141.91409,,,,,,
58,Ce,Cerium,133,132.91136,,,,,,
58,Ce,Cerium,134,133.90889,,,,,,
58,Ce,Cerium,135,134.909117,,,,,,
58,Ce,Cerium,136,135.90714,,,,,,
58,Ce,Cerium,137,136.90778,,,,,,
58,Ce,Cerium,138,137.905985,,,,,,
58,Ce,Cerium,139,138.906631,,,,,,
58,Ce,Cerium,140,139.905433,,,,,,
58,Ce,Cerium,141,140.908271,,,,,,
58,Ce,Cerium,142,141.909241,,,,,,
58,Ce,Cerium,143,142.912383,,,,,,
58,Ce,Cerium,144,143.913643,,,,,,
58,Ce,Cerium,145,144.91723,,,,,,
59,Pr,Praseodymium,138,137.910748,,,,,,
59,Pr,Praseodymium,139,138.908917,,,,,,
59,Pr,Praseodymium,140,139.909071,,,,,,
59,Pr,Praseodymium,141,140.907647,,,,,,
59,Pr,Praseodymium,142,141.910039,,,,,,
59,Pr,Praseodymium,143,142.910814,,,,,,
59,Pr,Praseodymium,144,143.913301,,,,,,
60,Nd,Neodymium,139,138.91192,,,,,,
60,Nd,Neodymium,140,139.909306,,,,,,
60,Nd,Neodymium,141,140.909594,,,,,,
60,Nd,Neodymium,142,141.907719,,,,,,
60,Nd,Neodymium,143,142.90981,,,,,,
60,Nd,Neodymium,144,143.910083,,,,,,
60,Nd,Neodymium,145,144.91257,,,,,,
60,Nd,Neodymium,146,145.913113,,,,,,
60,Nd,Neodymium,147,146.916097,,,,,,
60,Nd,Neodymium,148,147.916889,,,,,,
60,Nd,Neodymium,149,148.920145,,,,,,
60,Nd,Neodymium,150,149.920887,,,,,,
60,Nd,Neodymium,151,150.923825,,,,,,
60,Nd,Neodymium,152,151.92468,,,,,,
61,Pm,Promethium,142,141.91297,,,,,,
61,Pm,Promethium,143,142.91093,,,,,,
61,Pm,Promethium,144,143.912588,,,,,,
61,Pm,Promethium,145,144.912743,,,,,,
61,Pm,Promethium,146,145.914708,,,,,,
61,Pm,Promethium,147,146.915135,,,,,,
61,Pm,Promethium,148,147.917473,,,,,,
61,Pm,Promethium,149,148.918332,,,,,,
61,Pm,Promethium,150,149.920981,,,,,,
62,Sm,Samarium,142,141.915206,,,,,,
62,Sm,Samarium,143,142.914626,,,,,,
62,Sm,Samarium,144,143.911998,,,,,,
62,Sm,Samarium,145,144.913409,,,,,,
62,Sm,Samarium,146,145.913053,,,,,,
62,Sm,Samarium,147,146.914894,,,,,,
62,Sm,Samarium,148,147.914819,,,,,,
62,Sm,Samarium,149,148.91718,,,,,,
62,Sm,Samarium,150,149.917273,,,,,,
62,Sm,Samarium,151,150.919929,,,,,,
62,Sm,Samarium,152,151.919278,,,,,,
62,Sm,Samarium,153,152.922094,,,,,,
62,Sm,Samarium,154,153.922205,,,,,,
62,Sm,Samarium,155,154.924636,,,,,,
63,Eu,Europium,148,147.918125,,,,,,
63,Eu,Europium,149,148.917926,,,,,,
63,Eu,Europium,150,149.919702,,,,,,
63,Eu,Europium,151,150.919847,,,,,,
63,Eu,Europium,152,151.921742,,,,,,
63,Eu,Europium,153,152.921225,,,,,,
63,Eu,Europium,154,153.922975,,,,,,
63,Eu,Europium,155,154.922889,,,,,,
63,Eu,Europium,156,155.924752,,,,,,
63,Eu,Europium,157,156.925418,,,,,,
64,Gd,Gadolinium,149,148.919344,,,,,,
64,Gd,Gadolinium,150,149.918662,,,,,,
64,Gd,Gadolinium,151,150.920346,,,,,,
64,Gd,Gadolinium,152,151.919786,,,,,,
64,Gd,Gadolinium,153,152.921745,,,,,,
64,Gd,Gadolinium,154,153.920861,,,,,,
64,Gd,Gadolinium,155,154.922618,,,,,,
64,Gd,Gadolinium,156,155.922118,,,,,,
64,Gd,Gadolinium,157,156.923956,,,,,,
64,Gd,Gadolinium,158,157.924099,,,,,,
64,Gd,Gadolinium,159,158.926384,,,,,,
64,Gd,Gadolinium,160,159.927049,,,,,,
64,Gd,Gadolinium,161,160.929664,,,,,,
65,Tb,Terbium,156,155.924742,,,,,,
65,Tb,Terbium,157,156.924023,,,,,,
65,Tb,Terbium,158,157.925411,,,,,,
65,Tb,Terbium,159,158.925342,,,,,,
65,Tb,Terbium,160,159.927163,,,,,,
65,Tb,Terbium,161,160.927566,,,,,,
65,Tb,Terbium,162,161.92951,,,,,,
66,Dy,Dysprosium,153,152.925769,,,,,,
66,Dy,Dysprosium,154,153.924429,,,,,,
66,Dy,Dysprosium,155,154.925747,,,,,,
66,Dy,Dysprosium,156,155.924277,,,,,,
66,Dy,Dysprosium,157,156.92546,,,,,,
66,Dy,Dysprosium,158,157.924403,,,,,,
66,Dy,Dysprosium,159,158.925735,,,,,,
66,Dy,Dysprosium,160,159.925193,,,,,,
66,Dy,Dysprosium,161,160.92693,,,,,,
66,Dy,Dysprosium,162,161.926795,,,,,,
66,Dy,Dysprosium,163,162.928728,,,,,,
66,Dy,Dysprosium,164,163.929171,,,,,,
66,Dy,Dysprosium,165,164.9317,,,,,,
66,Dy,Dysprosium,166,165.932803,,,,,,
67,Ho,Holmium,162,161.929092,,,,,,
67,Ho,Holmium,163,162.928731,,,,,,
67,Ho,Holmium,164,163.930285,,,,,,
67,Ho,Holmium,165,164.930319,,,,,,
67,Ho,Holmium,166,165.932281,,,,,,
67,Ho,Holmium,167,166.933127,,,,,,
68,Er,Erbium,160,159.92908,,,,,,
68,Er,Erbium,161,160.929996,,,,,,
68,Er,Erbium,162,161.928775,,,,,,
68,Er,Erbium,163,162.93003,,,,,,
68,Er,Erbium,164,163.929198,,,,,,
68,Er,Erbium,165,164.930723,,,,,,
68,Er,Erbium,166,165.93029,,,,,,
68,Er,Erbium,167,166.932046,,,,,,
68,Er,Erbium,168,167.932368,,,,,,
68,Er,Erbium,169,168.934588,,,,,,
68,Er,Erbium,170,169.935461,,,,,,
68,Er,Erbium,171,170.938027,,,,,,
68,Er,Erbium,172,171.939353,,,,,,
69,Tm,Thulium,166,165.933561,,,,,,
69,Tm,Thulium,167,166.932848,,,,,,
69,Tm,Thulium,168,167.93417,,,,,,
69,Tm,Thulium,169,168.934212,,,,,,
69,Tm,Thulium,170,169.935798,,,,,,
69,Tm,Thulium,171,170.936427,,,,,,
69,Tm,Thulium,172,171.938397,,,,,,
70,Yb,Ytterbium,166,165.933875,,,,,,
70,Yb,Ytterbium,167,166.934946,,,,,,
70,Yb,Ytterbium,168,167.933894,,,,,,
70,Yb,Ytterbium,169,168.935186,,,,,,
70,Yb,Ytterbium,170,169.934759,,,,,,
70,Yb,Ytterbium,171,170.936323,,,,,,
70,Yb,Ytterbium,172,171.936378,,,,,,
70,Yb,Ytterbium,173,172.938208,,,,,,
70,Yb,Ytterbium,174,173.933859,,,,,,
70,Yb,Ytterbium,175,174.941273,,,,,,
70,Yb,Ytterbium,176,175.942564,,,,,,
70,Yb,Ytterbium,177,176.945253,,,,,,
70,Yb,Ytterbium,178,177.946639,,,,,,
71,Lu,Lutetium,172,171.939085,,,,,,
71,Lu,Lutetium,173,172.938929,,,,,,
71,Lu,Lutetium,174,173.940336,,,,,,
71,Lu,Lutetium,175,174.94077,,,,,,
71,Lu,Lutetium,176,175.942679,,,,,,
71,Lu,Lutetium,177,176.943752,,,,,,
71,Lu,Lutetium,178,177.945963,,,,,,
72,Hf,Hafnium,171,170.94049,,,,,,
72,Hf,Hafnium,172,171.93946,,,,,,
72,Hf,Hafnium,173,172.94065,,,,,,
72,Hf,Hafnium,174,173.940044,,,,,,
72,Hf,Hafnium,175,174.941507,,,,,,
72,Hf,Hafnium,176,175.941406,,,,,,
72,Hf,Hafnium,177,176.943217,,,,,,
72,Hf,Hafnium,178,177.943696,,,,,,
72,Hf,Hafnium,179,178.945812,,,,,,
72,Hf,Hafnium,180,179.946546,,,,,,
72,Hf,Hafnium,181,180.949096,,,,,,
72,Hf,Hafnium,182,181.95055,,,,,,
72,Hf,Hafnium,183,182.95353,,,,,,
73,Ta,Tantalum,178,177.94575,,,,,,
73,Ta,Tantalum,179,178.94593,,,,,,
73,Ta,Tantalum,180,179.947462,,,,,,
73,Ta,Tantalum,181,180.947992,,,,,,
73,Ta,Tantalum,182,181.950149,,,,,,
73,Ta,Tantalum,183,182.951369,,,,,,
74,W,Tungsten,178,177.94584,,,,,,
74,W,Tungsten,179,178.947067,,,,,,
74,W,Tungsten,180,179.946701,,,,,,
74,W,Tungsten,181,180.948192,,,,,,
74,W,Tungsten,182,181.948202,,,,,,
74,W,Tungsten,183,182.95022,,,,,,
74,W,Tungsten,184,183.950928,,,,,,
74,W,Tungsten,185,184.953416,,,,,,
74,W,Tungsten,186,185.954357,,,,,,
74,W,Tungsten,187,186.957153,,,,,,
74,W,Tungsten,188,187.95848,,,,,,
75,Re,Rhenium,182,181.95121,,,,,,
75,Re,Rhenium,183,182.950817,,,,,,
75,Re,Rhenium,184,183.95253,,,,,,
75,Re,Rhenium,185,184.952951,,,,,,
75,Re,Rhenium,186,185.954984,,,,,,
75,Re,Rhenium,187,186.955744,,,,,,
75,Re,Rhenium,188,187.958106,,,,,,
75,Re,Rhenium,189,188.959219,,,,,,
76,Os,Osmium,182,181.95212,,,,,,
76,Os,Osmium,183,182.95329,,,,,,
76,Os,Osmium,184,183.952488,,,,,,
76,Os,Osmium,185,184.954041,,,,,,
76,Os,Osmium,186,185.95383,,,,,,
76,Os,Osmium,187,186.955741,,,,,,
76,Os,Osmium,188,187.95583,,,,,,
76,Os,Osmium,189,188.958137,,,,,,
76,Os,Osmium,190,189.958436,,,,,,
76,Os,Osmium,191,190.96092,,,,,,
76,Os,Osmium,192,191.961467,,,,,,
76,Os,Osmium,193,192.964138,,,,,,
76,Os,Osmium,194,193.965173,,,,,,
77,Ir,Iridium,188,187.95883,,,,,,
77,Ir,Iridium,189,188.958712,,,,,,
77,Ir,Iridium,190,189.96058,,,,,,
77,Ir,Iridium,191,190.960584,,,,,,
77,Ir,Iridium,192,191.96258,,,,,,
77,Ir,Iridium,193,192.962917,,,,,,
77,Ir,Iridium,194,193.965069,,,,,,
77,Ir,Iridium,195,194.965966,,,,,,
78,Pt,Platinum,187,186.96047,,,,,,
78,Pt,Platinum,188,187.959386,,,,,,
78,Pt,Platinum,189,188.960817,,,,,,
78,Pt,Platinum,190,189.959917,,,,,,
78,Pt,Platinum,191,190.961665,,,,,,
78,Pt,Platinum,192,191.961019,,,,,,
78,Pt,Platinum,193,192.962977,,,,,,
78,Pt,Platinum,194,193.962655,,,,,,
78,Pt,Platinum,195,194.964766,,,,,,
78,Pt,Platinum,196,195.964926,,,,,,
78,Pt,Platinum,197,196.967315,,,,,,
78,Pt,Platinum,198,197.967869,,,,,,
78,Pt,Platinum,199,198.970552,,,,,,
78,Pt,Platinum,200,199.971417,,,,,,
79,Au,Gold,194,193.965348,,,,,,
79,Au,Gold,195,194.965013,,,,,,
79,Au,Gold,196,195.966544,,,,,,
79,Au,Gold,197,196.966543,,,,,,
79,Au,Gold,198,197.968217,,,,,,
79,Au,Gold,199,198.96874,,,,,,
79,Au,Gold,200,199.97067,,,,,,
80,Hg,Mercury,193,192.96656,,,,,,
80,Hg,Mercury,194,193.965391,,,,,,
80,Hg,Mercury,195,194.96646,,,,,,
80,Hg,Mercury,196,195.965807,,,,,,
80,Hg,Mercury,197,196.967187,,,,,,
80,Hg,Mercury,198,197.966743,,,,,,
80,Hg,Mercury,199,198.968254,,,,,,
80,Hg,Mercury,200,199.9683,,,,,,
80,Hg,Mercury,201,200.970277,,,,,,
80,Hg,Mercury,202,201.970617,,,,,,
80,Hg,Mercury,203,202.972848,,,,,,
80,Hg,Mercury,204,203.973467,,,,,,
80,Hg,Mercury,205,204.976047,,,,,,
81,Tl,Thallium,200,199.970934,,,,,,
81,Tl,Thallium,201,200.970794,,,,,,
81,Tl,Thallium,202,201.972085,,,,,,
81,Tl,Thallium,203,202.97232,,,,,,
81,Tl,Thallium,204,203.973839,,,,,,
81,Tl,Thallium,205,204.974401,,,,,,
81,Tl,Thallium,206,205.976084,,,,,,
82,Pb,Lead,201,200.97283,,,,,,
82,Pb,Lead,202,201.972134,,,,,,
82,Pb,Lead,203,202.973365,,,,,,
82,Pb,Lead,204,203.97302,,,,,,
82,Pb,Lead,205,204.974458,,,,,,
82,Pb,Lead,206,205.97444,,,,,,
82,Pb,Lead,207,206.975872,,,,,,
82,Pb,Lead,208,207.976627,,,,,,
82,Pb,Lead,209,208.981065,,,,,,
82,Pb,Lead,210,209.984163,,,,,,
82,Pb,Lead,211,210.988735,,,,,,
82,Pb,Lead,212,211.991871,,,,,,
83,Bi,Bismuth,206,205.978478,,,,,,
83,Bi,Bismuth,207,206.978446,,,,,,
83,Bi,Bismuth,208,207.979717,,,,,,
83,Bi,Bismuth,209,208.980374,,,,,,
83,Bi,Bismuth,210,209.984095,,,,,,
83,Bi,Bismuth,211,210.987255,,,,,,
83,Bi,Bismuth,212,211.991255,,,,,,
84,Po,Polonium,206,205.980456,,,,,,
84,Po,Polonium,207,206.98157,,,,,,
84,Po,Polonium,208,207.981222,,,,,,
84,Po,Polonium,209,208.982404,,,,,,
84,Po,Polonium,210,209.982848,,,,,,
84,Po,Polonium,211,210.986627,,,,,,
85,At,Astatine,208,207.98651,,,,,,
85,At,Astatine,209,208.986149,,,,,,
85,At,Astatine,210,209.987126,,,,,,
85,At,Astatine,211,210.987469 ,,,,,,
85,At,Astatine,212,211.990725,,,,,,
85,At,Astatine,213,212.992911,,,,,,
86,Rn,Radon,207,206.99069,,,,,,
86,Rn,Radon,210,209.989669,,,,,,
86,Rn,Radon,211,210.990576,,,,,,
86,Rn,Radon,212,211.990697,,,,,,
86,Rn,Radon,218,218.00558,,,,,,
86,Rn,Radon,222,222.017571,,,,,,
87,Fr,Francium,209,208.99587,,,,,,
87,Fr,Francium,212,211.99613,,,,,,
87,Fr,Francium,215,215.00031,,,,,,
87,Fr,Francium,220,220.012293,,,,,,
87,Fr,Francium,223,223.019733,,,,,,
88,Ra,Radium,222,222.015353,,,,,,
88,Ra,Radium,223,223.018501,,,,,,
88,Ra,Radium,224,224.020186,,,,,,
88,Ra,Radium,225,225.023604,,,,,,
88,Ra,Radium,226,226.025403,,,,,,
88,Ra,Radium,227,227.029171,,,,,,
89,Ac,Actinium,224,224.021685,,,,,,
89,Ac,Actinium,225,225.023205,,,,,,
89,Ac,Actinium,226,226.026084,,,,,,
89,Ac,Actinium,227,227.02775,,,,,,
89,Ac,Actinium,228,228.031015,,,,,,
90,Th,Thorium,228,228.028715,,,,,,
90,Th,Thorium,229,229.031755,,,,,,
90,Th,Thorium,230,230.033128,,,,,,
90,Th,Thorium,231,231.036299,,,,,,
90,Th,Thorium,232,232.038051,,,,,,
90,Th,Thorium,233,233.041577,,,,,,
91,Pa,Protactinium,229,239.032073,,,,,,
91,Pa,Protactinium,230,230.034527,,,,,,
91,Pa,Protactinium,231,231.03588,,,,,,
91,Pa,Protactinium,232,232.038565,,,,,,
91,Pa,Protactinium,233,233.040243,,,,,,
92,U,Uranium,233,233.039628,,,,,,
92,U,Uranium,234,234.040947,,,,,,
92,U,Uranium,235,235.043924,,,,,,
92,U,Uranium,236,236.045563,,,,,,
92,U,Uranium,237,237.048725,,,,,,
92,U,Uranium,238,238.050785,,,,,,
92,U,Uranium,239,239.05429,,,,,,
93,Np,Neptunium,236,236.04655,,,,,,
93,Np,Neptunium,237,237.048168,,,,,,
93,Np,Neptunium,238,238.050941,,,,,,
93,Np,Neptunium,239,239.052933,,,,,,
94,Pu,Plutonium,237,237.048401,,,,,,
94,Pu,Plutonium,238,238.049555,,,,,,
94,Pu,Plutonium,239,239.052158,,,,,,
94,Pu,Plutonium,240,240.053808,,,,,,
94,Pu,Plutonium,241,241.056846,,,,,,
94,Pu,Plutonium,242,242.058737,,,,,,
94,Pu,Plutonium,243,243.061998,,,,,,
95,Am,Americium,240,240.055278,,,,,,
95,Am,Americium,241,241.056824,,,,,,
95,Am,Americium,242,242.059542,,,,,,
95,Am,Americium,243,243.061375,,,,,,
95,Am,Americium,244,244.064279,,,,,,
96,Cm,Curium,246,246.067218,,,,,,
96,Cm,Curium,247,247.070347,,,,,,
96,Cm,Curium,248,248.072343,,,,,,
96,Cm,Curium,249,249.075948,,,,,,
97,Bk,Berkelium,246,246.06872,,,,,,
97,Bk,Berkelium,247,247.0703,,,,,,
98,Cf,Californium,251,251.07958,,,,,,
98,Cf,Californium,252,252.081621,,,,,,
99,Es,Einsteinium,252,252.082944,,,,,,
99,Es,Einsteinium,253,253.084818,,,,,,
100,Fm,Fermium,256,256.091767,,,,,,
100,Fm,Fermium,257,257.095099,,,,,,
101,Md,Mendelevium,257,257.09558,,,,,,
101,Md,Mendelevium,258,258.09857,,,,,,
102,No,Nobelium,258,258.09815,,,,,,
102,No,Nobelium,259,259.100931,,,,,,
103,Lr,Lawrencium,260,260.10532,,,,,,
104,Rf,Rutherfordium,261,261.10869,,,,,,
105,Db,Dubnium,261,261.11182,,,,,,
105,Db,Dubnium,262,262.11376,,,,,,
106,Sg,Seaborgium,263,263.11822,,,,,,
107,Bh,Bohrium,262,262.12293,,,,,,
